Player,Pos,Age,Tm,G,GS,MP,FG,FGA,FG%,FG%.1,3P,3PA,3P%,2P,2PA,2P%,eFG%,FT,FTA,FT%,ORB,DRB,TRB,AST,STL,BLK,TOV,PF,PTS,Performance
Precious Achiuwa,C,23.0,TOR,38.0,11.0,23.3,3.9,8.1,0.482,"0,482",0.5,2.0,0.26,3.4,6.1,0.557,0.515,1.9,2.8,0.689,2.0,4.6,6.6,1.0,0.6,0.7,1.2,2.1,10.2,Bad
Steven Adams,C,29.0,MEM,42.0,42.0,27.0,3.7,6.3,0.597,"0,597",0.0,0.0,0.0,3.7,6.2,0.599,0.597,1.1,3.1,0.364,5.1,6.5,11.5,2.3,0.9,1.1,1.9,2.3,8.6,Bad
Bam Adebayo,C,25.0,MIA,57.0,57.0,35.0,8.4,15.7,0.536,"0,536",0.0,0.2,0.083,8.4,15.5,0.543,0.537,4.4,5.5,0.8,2.6,7.2,9.8,3.2,1.2,0.8,2.5,2.8,21.2,Good
Ochai Agbaji,SG,22.0,UTA,39.0,2.0,15.6,1.8,3.8,0.483,"0,483",0.9,2.3,0.396,0.9,1.5,0.621,0.604,0.4,0.6,0.682,0.7,1.1,1.8,0.6,0.2,0.1,0.3,1.4,5.0,Bad
Santi Aldama,PF,22.0,MEM,56.0,18.0,22.0,3.3,7.0,0.474,"0,474",1.4,3.7,0.364,2.0,3.3,0.601,0.571,1.4,1.9,0.729,1.0,3.6,4.6,1.2,0.7,0.7,0.7,1.9,9.4,Bad
Nickeil Alexander-Walker,SG,24.0,TOT,40.0,3.0,14.5,2.3,4.9,0.479,"0,479",1.0,2.4,0.412,1.3,2.4,0.546,0.582,0.7,1.0,0.675,0.3,1.4,1.7,2.0,0.6,0.4,1.2,1.5,6.3,Bad
Nickeil Alexander-Walker,SG,24.0,UTA,36.0,3.0,14.7,2.3,4.7,0.488,"0,488",1.0,2.4,0.402,1.3,2.3,0.578,0.591,0.8,1.1,0.692,0.2,1.4,1.6,2.1,0.7,0.4,1.3,1.6,6.3,Bad
Nickeil Alexander-Walker,SG,24.0,MIN,4.0,0.0,13.0,2.5,6.0,0.417,"0,417",1.3,2.5,0.5,1.3,3.5,0.357,0.521,0.0,0.3,0.0,0.5,1.5,2.0,0.5,0.3,0.5,1.0,0.8,6.3,Bad
Grayson Allen,SG,27.0,MIL,56.0,54.0,27.6,3.4,7.8,0.44,"0,440",2.0,4.9,0.404,1.4,2.8,0.503,0.569,1.7,1.9,0.906,0.9,2.5,3.4,2.4,0.8,0.2,1.1,1.6,10.5,Bad
Jarrett Allen,C,24.0,CLE,57.0,57.0,33.2,6.2,9.4,0.654,"0,654",0.0,0.2,0.111,6.2,9.3,0.664,0.655,2.5,3.4,0.733,3.2,6.7,9.9,1.6,0.8,1.2,1.5,2.2,14.8,Bad
Jose Alvarado,PG,24.0,NOP,61.0,10.0,21.5,3.3,8.0,0.411,"0,411",1.4,4.0,0.336,1.9,4.0,0.488,0.496,1.1,1.3,0.813,0.5,1.9,2.3,3.0,1.1,0.2,1.3,2.0,9.0,Bad
Kyle Anderson,PF,29.0,MIN,50.0,34.0,26.2,3.2,6.3,0.503,"0,503",0.6,1.4,0.423,2.6,4.9,0.527,0.551,1.7,2.2,0.764,0.8,4.1,4.8,4.1,1.1,0.9,1.4,2.1,8.6,Bad
Giannis Antetokounmpo,PF,28.0,MIL,48.0,48.0,32.5,11.1,20.7,0.538,"0,538",0.8,2.9,0.27,10.3,17.7,0.583,0.557,8.2,12.7,0.646,2.3,9.7,12.0,5.4,0.8,0.8,3.9,3.3,31.3,Good
Thanasis Antetokounmpo,SF,30.0,MIL,26.0,0.0,4.1,0.2,0.8,0.25,"0,250",0.0,0.2,0.0,0.2,0.6,0.313,0.25,0.2,0.3,0.5,0.3,0.7,1.0,0.2,0.1,0.1,0.3,0.5,0.5,Bad
Cole Anthony,PG,22.0,ORL,42.0,3.0,24.7,4.1,9.4,0.435,"0,435",1.1,3.2,0.333,3.0,6.2,0.488,0.492,2.5,2.8,0.89,0.6,3.9,4.5,4.1,0.6,0.6,1.5,2.5,11.8,Bad
OG Anunoby,SF,25.0,TOR,48.0,48.0,35.8,6.1,13.4,0.453,"0,453",1.8,5.1,0.356,4.3,8.3,0.514,0.522,2.4,2.9,0.825,1.4,3.9,5.4,2.0,2.0,0.8,2.1,3.0,16.4,Bad
Ryan Arcidiacono,PG,28.0,TOT,14.0,1.0,4.9,0.3,1.0,0.286,"0,286",0.3,0.6,0.444,0.0,0.4,0.0,0.429,0.0,0.0,,0.0,0.7,0.7,0.6,0.1,0.0,0.2,0.4,0.9,Bad
Ryan Arcidiacono,PG,28.0,NYK,11.0,0.0,2.4,0.1,0.5,0.2,"0,200",0.1,0.3,0.333,0.0,0.2,0.0,0.3,0.0,0.0,,0.0,0.4,0.4,0.2,0.2,0.0,0.1,0.3,0.3,Bad
Ryan Arcidiacono,PG,28.0,POR,3.0,1.0,14.3,1.0,3.0,0.333,"0,333",1.0,2.0,0.5,0.0,1.0,0.0,0.5,0.0,0.0,,0.0,2.0,2.0,2.0,0.0,0.0,0.7,1.0,3.0,Bad
Deni Avdija,SF,22.0,WAS,58.0,33.0,26.3,3.3,7.4,0.439,"0,439",0.9,3.1,0.294,2.4,4.4,0.539,0.499,1.7,2.2,0.752,1.0,5.2,6.2,2.6,0.9,0.5,1.5,2.9,9.1,Bad
Deandre Ayton,C,24.0,PHO,53.0,53.0,30.3,8.2,13.8,0.591,"0,591",0.1,0.4,0.304,8.0,13.4,0.6,0.595,2.2,3.0,0.739,2.8,7.3,10.1,2.0,0.6,0.8,1.9,2.8,18.7,Bad
Udoka Azubuike,C,23.0,UTA,25.0,0.0,5.8,0.9,1.1,0.852,"0,852",0.0,0.0,,0.9,1.1,0.852,0.852,0.1,0.2,0.333,0.6,1.6,2.2,0.2,0.2,0.2,0.4,0.5,1.9,Bad
Marvin Bagley III,C,23.0,DET,27.0,13.0,21.6,4.7,8.7,0.538,"0,538",0.3,1.4,0.243,4.4,7.4,0.593,0.557,1.6,2.3,0.698,2.5,4.1,6.6,0.6,0.5,0.7,0.9,2.0,11.4,Bad
Patrick Baldwin Jr.,SF,20.0,GSW,19.0,0.0,8.8,1.9,4.2,0.45,"0,450",1.5,3.3,0.468,0.4,0.9,0.389,0.631,0.2,0.3,0.667,0.1,1.5,1.5,0.2,0.3,0.1,0.4,0.4,5.5,Bad
LaMelo Ball,PG,21.0,CHO,36.0,36.0,35.2,8.2,20.0,0.411,"0,411",4.0,10.6,0.376,4.2,9.4,0.45,0.51,2.8,3.4,0.836,1.2,5.3,6.4,8.4,1.3,0.3,3.6,3.3,23.3,Good
Mo Bamba,C,24.0,TOT,43.0,6.0,16.9,2.6,5.3,0.485,"0,485",1.0,2.7,0.385,1.5,2.6,0.591,0.584,0.9,1.4,0.661,1.1,3.7,4.8,1.0,0.3,1.0,0.6,2.3,7.1,Bad
Mo Bamba,C,24.0,ORL,40.0,6.0,17.0,2.7,5.4,0.495,"0,495",1.1,2.7,0.398,1.6,2.7,0.594,0.596,0.9,1.3,0.686,1.2,3.4,4.6,1.1,0.3,1.0,0.6,2.2,7.3,Bad
Mo Bamba,C,24.0,LAL,3.0,0.0,14.7,1.3,4.3,0.308,"0,308",0.7,3.0,0.222,0.7,1.3,0.5,0.385,1.3,2.7,0.5,0.7,6.7,7.3,0.7,0.0,1.0,1.0,3.7,4.7,Bad
Paolo Banchero,PF,20.0,ORL,55.0,55.0,33.7,6.5,15.5,0.421,"0,421",1.1,4.1,0.274,5.4,11.4,0.474,0.457,5.7,7.6,0.754,1.2,5.5,6.6,3.6,0.9,0.5,2.7,2.2,19.9,Bad
Desmond Bane,SG,24.0,MEM,37.0,37.0,31.1,7.5,16.2,0.463,"0,463",3.0,7.2,0.416,4.5,8.9,0.502,0.556,3.3,3.6,0.904,0.7,4.2,5.0,4.1,1.0,0.4,2.2,2.4,21.3,Good
Dalano Banton,PG,23.0,TOR,27.0,2.0,9.3,1.7,4.1,0.411,"0,411",0.5,1.7,0.283,1.2,2.4,0.5,0.469,0.6,0.7,0.789,0.3,1.0,1.3,1.1,0.5,0.4,0.6,1.1,4.4,Bad
Dominick Barlow,SF,19.0,SAS,11.0,0.0,10.1,1.3,2.4,0.538,"0,538",0.0,0.4,0.0,1.3,2.0,0.636,0.538,0.8,0.9,0.9,1.3,1.3,2.5,0.6,0.2,0.2,0.5,1.9,3.4,Bad
Harrison Barnes,PF,30.0,SAC,60.0,60.0,32.6,4.5,9.6,0.469,"0,469",1.6,4.4,0.37,2.9,5.2,0.553,0.554,4.1,4.9,0.836,1.0,3.6,4.6,1.6,0.8,0.1,1.1,1.3,14.7,Bad
Scottie Barnes,PF,21.0,TOR,59.0,58.0,35.3,6.0,13.3,0.453,"0,453",0.9,3.1,0.301,5.1,10.2,0.499,0.488,2.6,3.4,0.769,2.3,4.7,7.0,4.8,1.0,0.9,2.1,2.2,15.5,Bad
RJ Barrett,SG,22.0,NYK,56.0,56.0,34.1,6.9,16.1,0.429,"0,429",1.8,5.4,0.33,5.1,10.7,0.479,0.484,4.0,5.3,0.753,0.9,4.3,5.2,2.8,0.5,0.2,2.3,2.6,19.5,Bad
Will Barton,SG,32.0,WAS,40.0,0.0,19.6,2.8,7.1,0.387,"0,387",1.3,3.4,0.38,1.5,3.7,0.395,0.479,0.9,1.1,0.778,0.3,2.5,2.8,2.4,0.4,0.3,1.1,1.0,7.7,Bad
Charles Bassey,C,22.0,SAS,28.0,1.0,13.9,2.2,3.4,0.642,"0,642",0.1,0.3,0.429,2.1,3.1,0.659,0.658,0.7,1.0,0.655,2.1,3.4,5.5,1.3,0.4,0.9,1.1,2.1,5.1,Bad
Keita Bates-Diop,SF,27.0,SAS,47.0,25.0,20.6,3.1,6.4,0.492,"0,492",0.6,1.6,0.364,2.5,4.7,0.536,0.538,1.4,1.8,0.791,1.0,2.4,3.4,1.2,0.7,0.3,0.8,1.0,8.3,Bad
Nicolas Batum,PF,34.0,LAC,59.0,11.0,22.0,2.1,5.0,0.418,"0,418",1.6,4.1,0.384,0.5,0.9,0.564,0.574,0.5,0.7,0.667,0.9,3.3,4.2,1.5,0.6,0.7,0.7,2.0,6.3,Bad
Darius Bazley,PF,22.0,OKC,36.0,1.0,15.4,2.0,4.4,0.449,"0,449",0.5,1.3,0.4,1.5,3.1,0.469,0.506,1.0,1.8,0.554,0.8,2.6,3.4,0.9,0.5,0.8,0.6,1.0,5.4,Bad
Bradley Beal,SG,29.0,WAS,38.0,38.0,33.0,8.7,16.8,0.515,"0,515",1.7,4.6,0.371,6.9,12.2,0.569,0.566,3.7,4.4,0.839,0.8,2.8,3.6,5.3,0.9,0.7,2.8,1.9,22.7,Good
Malik Beasley,SG,26.0,TOT,60.0,16.0,26.6,4.8,12.2,0.396,"0,396",3.1,8.6,0.359,1.7,3.6,0.484,0.523,0.6,0.8,0.787,0.5,3.1,3.5,1.7,0.9,0.1,1.1,1.5,13.4,Bad
Malik Beasley,SG,26.0,UTA,55.0,13.0,26.8,4.8,12.2,0.396,"0,396",3.1,8.6,0.359,1.7,3.6,0.485,0.522,0.7,0.8,0.841,0.5,3.1,3.6,1.7,0.8,0.1,1.1,1.4,13.4,Bad
Malik Beasley,SG,26.0,LAL,5.0,3.0,24.2,5.0,12.8,0.391,"0,391",3.4,9.4,0.362,1.6,3.4,0.471,0.523,0.0,0.6,0.0,0.0,2.6,2.6,1.6,1.8,0.0,1.4,2.4,13.4,Bad
MarJon Beauchamp,SF,22.0,MIL,39.0,9.0,14.6,2.1,5.2,0.396,"0,396",1.0,3.1,0.319,1.1,2.1,0.506,0.49,0.5,0.7,0.724,0.9,1.5,2.4,0.7,0.5,0.1,0.9,1.5,5.6,Bad
Dāvis Bertāns,PF,30.0,DAL,34.0,0.0,10.6,1.4,3.3,0.423,"0,423",1.1,2.9,0.381,0.3,0.4,0.714,0.59,0.3,0.4,0.833,0.2,0.8,0.9,0.4,0.2,0.1,0.3,1.1,4.1,Bad
Patrick Beverley,PG,34.0,TOT,47.0,47.0,26.8,2.1,5.3,0.398,"0,398",1.2,3.5,0.341,0.9,1.8,0.506,0.51,0.9,1.2,0.764,0.6,2.6,3.2,2.6,0.9,0.6,0.9,2.7,6.3,Bad
Patrick Beverley,PG,34.0,LAL,45.0,45.0,26.9,2.2,5.4,0.402,"0,402",1.2,3.5,0.348,0.9,1.8,0.506,0.517,0.9,1.1,0.78,0.5,2.6,3.1,2.6,0.9,0.6,0.9,2.8,6.4,Bad
Patrick Beverley,PG,34.0,CHI,2.0,2.0,24.0,1.0,4.0,0.25,"0,250",0.5,3.0,0.167,0.5,1.0,0.5,0.313,1.5,2.5,0.6,1.0,4.0,5.0,2.5,0.0,0.5,1.0,2.5,4.0,Bad
Saddiq Bey,SF,23.0,TOT,56.0,32.0,28.6,4.6,11.3,0.407,"0,407",2.0,5.5,0.358,2.6,5.8,0.454,0.494,3.3,3.8,0.863,1.1,3.5,4.6,1.5,0.9,0.2,1.0,1.6,14.5,Bad
Saddiq Bey,SF,23.0,DET,52.0,30.0,28.8,4.7,11.7,0.404,"0,404",1.9,5.6,0.345,2.8,6.0,0.46,0.488,3.5,4.0,0.861,1.1,3.5,4.7,1.6,1.0,0.2,1.0,1.7,14.8,Bad
Saddiq Bey,SF,23.0,ATL,4.0,2.0,24.8,3.3,7.0,0.464,"0,464",2.5,4.3,0.588,0.8,2.8,0.273,0.643,0.8,0.8,0.001,1.3,3.3,4.5,0.5,0.5,0.3,1.0,1.3,9.8,Bad
Khem Birch,C,30.0,TOR,20.0,0.0,8.1,1.0,1.6,0.594,"0,594",0.1,0.1,0.5,0.9,1.5,0.6,0.609,0.2,0.3,0.8,0.4,0.9,1.3,0.4,0.3,0.3,0.4,1.2,2.2,Bad
Goga Bitadze,C,23.0,TOT,22.0,0.0,9.6,1.3,2.5,0.527,"0,527",0.2,0.7,0.333,1.1,1.8,0.6,0.573,0.5,1.1,0.48,1.2,1.3,2.5,0.9,0.4,0.5,0.5,1.6,3.4,Bad
Goga Bitadze,C,23.0,IND,21.0,0.0,9.6,1.3,2.5,0.519,"0,519",0.2,0.7,0.286,1.1,1.8,0.605,0.558,0.5,1.1,0.458,1.2,1.1,2.3,0.9,0.4,0.5,0.6,1.6,3.3,Bad
Goga Bitadze,C,23.0,ORL,1.0,0.0,9.0,2.0,3.0,0.667,"0,667",1.0,1.0,0.001,1.0,2.0,0.5,0.833,1.0,1.0,0.001,1.0,5.0,6.0,1.0,0.0,0.0,0.0,1.0,6.0,Bad
Bismack Biyombo,C,30.0,PHO,46.0,9.0,14.0,1.7,3.0,0.572,"0,572",0.0,0.0,,1.7,3.0,0.572,0.572,0.3,1.1,0.314,1.1,3.0,4.1,0.9,0.3,1.3,0.9,1.8,3.8,Bad
Buddy Boeheim,PG,23.0,DET,1.0,0.0,1.0,0.0,0.0,,"0,000",0.0,0.0,,0.0,0.0,,,0.0,0.0,,0.0,0.0,0.0,0.0,0.0,0.0,0.0,0.0,0.0,Bad
Bogdan Bogdanović,SG,30.0,ATL,36.0,5.0,29.6,5.4,12.3,0.437,"0,437",2.8,7.1,0.394,2.6,5.3,0.495,0.55,1.1,1.4,0.78,0.4,3.0,3.4,3.0,0.9,0.3,1.3,1.7,14.6,Bad
Bojan Bogdanović,PF,33.0,DET,58.0,58.0,31.9,7.2,14.8,0.487,"0,487",2.4,5.9,0.402,4.9,9.0,0.542,0.566,4.6,5.2,0.883,0.6,3.2,3.7,2.6,0.6,0.1,2.3,1.9,21.4,Good
Bol Bol,PF,23.0,ORL,57.0,32.0,22.9,4.2,7.2,0.577,"0,577",0.5,1.5,0.322,3.7,5.7,0.645,0.611,1.2,1.6,0.745,1.1,4.9,6.1,0.8,0.4,1.3,1.7,1.3,10.0,Bad
Leandro Bolmaro,SG,22.0,UTA,14.0,0.0,4.9,0.2,1.4,0.15,"0,150",0.0,0.3,0.0,0.2,1.1,0.188,0.15,0.0,0.0,,0.3,0.2,0.5,0.5,0.2,0.1,0.5,0.7,0.4,Bad
Devin Booker,SG,26.0,PHO,35.0,35.0,34.1,9.5,20.1,0.473,"0,473",2.1,6.2,0.347,7.4,13.9,0.529,0.526,5.3,6.3,0.841,0.8,3.8,4.6,5.7,0.8,0.3,2.5,2.8,26.5,Good
Brandon Boston Jr.,SG,21.0,LAC,21.0,1.0,11.8,2.4,5.8,0.421,"0,421",0.6,1.4,0.414,1.9,4.4,0.424,0.471,1.4,1.8,0.763,0.3,1.0,1.4,0.9,0.4,0.0,0.6,1.0,6.8,Bad
Chris Boucher,PF,30.0,TOR,56.0,0.0,20.8,3.5,7.2,0.489,"0,489",0.8,2.6,0.315,2.7,4.6,0.585,0.545,1.9,2.5,0.739,2.2,3.7,5.9,0.4,0.7,0.9,0.5,2.0,9.7,Bad
James Bouknight,SG,22.0,CHO,26.0,0.0,13.6,1.5,4.7,0.328,"0,328",0.6,2.5,0.25,0.9,2.2,0.414,0.393,0.6,0.8,0.682,0.2,1.8,2.0,1.1,0.5,0.2,0.7,1.1,4.3,Bad
Jamaree Bouyea,PG,23.0,MIA,4.0,0.0,16.3,1.5,3.3,0.462,"0,462",0.5,1.3,0.4,1.0,2.0,0.5,0.538,0.3,0.5,0.5,0.3,1.0,1.3,1.0,1.0,0.5,1.0,1.3,3.8,Bad
Tony Bradley,C,25.0,CHI,12.0,0.0,2.8,0.5,1.0,0.5,"0,500",0.3,0.4,0.6,0.3,0.6,0.429,0.625,0.3,0.3,0.001,0.1,0.8,0.9,0.1,0.1,0.1,0.1,0.2,1.6,Bad
Malaki Branham,SF,19.0,SAS,47.0,14.0,22.4,3.7,8.4,0.446,"0,446",1.2,3.7,0.314,2.6,4.7,0.55,0.515,0.8,1.0,0.792,0.4,1.8,2.2,2.0,0.5,0.1,1.1,1.7,9.5,Bad
Christian Braun,SG,21.0,DEN,57.0,3.0,15.2,1.8,3.5,0.5,"0,500",0.4,1.1,0.391,1.3,2.4,0.551,0.563,0.4,0.7,0.585,0.7,1.7,2.4,0.8,0.5,0.2,0.5,1.2,4.4,Bad
Mikal Bridges,SF,26.0,TOT,61.0,61.0,36.1,6.4,13.8,0.468,"0,468",1.9,4.7,0.395,4.6,9.1,0.505,0.535,2.9,3.2,0.899,1.0,3.4,4.5,3.5,1.2,0.8,1.4,2.0,17.7,Bad
Mikal Bridges,SF,26.0,PHO,56.0,56.0,36.4,6.3,13.6,0.463,"0,463",1.8,4.7,0.387,4.5,9.0,0.503,0.529,2.8,3.1,0.897,1.0,3.3,4.3,3.6,1.2,0.8,1.4,2.1,17.2,Bad
Mikal Bridges,SF,26.0,BRK,5.0,5.0,32.6,7.8,15.2,0.513,"0,513",2.4,5.0,0.48,5.4,10.2,0.529,0.592,4.4,4.8,0.917,1.4,4.6,6.0,2.8,1.2,1.0,1.8,2.0,22.4,Good
Oshae Brissett,SF,24.0,IND,49.0,1.0,16.0,1.7,4.5,0.388,"0,388",0.8,2.4,0.333,0.9,2.1,0.451,0.477,1.2,1.8,0.693,0.9,2.5,3.4,0.5,0.6,0.2,0.4,1.3,5.5,Bad
Malcolm Brogdon,PG,30.0,BOS,53.0,0.0,25.5,5.2,10.6,0.49,"0,490",2.1,4.4,0.464,3.2,6.2,0.509,0.587,2.4,2.7,0.887,0.6,3.5,4.2,3.7,0.6,0.3,1.6,1.6,14.8,Bad
Dillon Brooks,SF,27.0,MEM,54.0,54.0,30.4,5.5,14.1,0.392,"0,392",1.8,5.7,0.313,3.7,8.3,0.447,0.456,1.8,2.3,0.795,0.6,2.6,3.3,2.5,0.8,0.2,1.5,3.3,14.6,Bad
Bruce Brown,SG,26.0,DEN,61.0,28.0,28.6,4.4,9.0,0.485,"0,485",1.3,3.4,0.38,3.1,5.6,0.55,0.557,1.1,1.5,0.722,0.7,3.2,3.9,3.6,1.0,0.6,1.6,2.4,11.1,Bad
Greg Brown III,PF,21.0,POR,16.0,0.0,5.8,0.7,1.8,0.393,"0,393",0.1,0.4,0.143,0.6,1.3,0.476,0.411,0.3,0.8,0.417,0.1,1.1,1.2,0.2,0.3,0.3,0.4,0.8,1.8,Bad
Jaylen Brown,SF,26.0,BOS,50.0,50.0,35.7,9.9,20.3,0.486,"0,486",2.5,7.5,0.336,7.4,12.8,0.574,0.548,4.3,5.5,0.777,1.3,5.8,7.0,3.2,1.1,0.4,3.1,2.7,26.5,Good
Kendall Brown,SG,19.0,IND,6.0,0.0,6.7,0.7,1.2,0.571,"0,571",0.0,0.2,0.0,0.7,1.0,0.667,0.571,0.2,0.3,0.5,0.3,0.7,1.0,0.5,0.7,0.0,0.3,1.5,1.5,Bad
Moses Brown,C,23.0,LAC,34.0,1.0,8.5,1.8,2.8,0.635,"0,635",0.0,0.0,,1.8,2.8,0.635,0.635,1.0,2.1,0.458,1.7,2.4,4.1,0.1,0.1,0.4,0.4,1.1,4.6,Bad
Sterling Brown,SG,27.0,LAL,4.0,0.0,6.0,0.0,1.0,0.0,"0,000",0.0,0.5,0.0,0.0,0.5,0.0,0.0,0.0,0.0,,0.8,1.3,2.0,0.5,0.8,0.0,0.0,1.0,0.0,Bad
Troy Brown Jr.,SF,23.0,LAL,55.0,31.0,23.9,2.6,6.0,0.434,"0,434",1.3,3.5,0.361,1.4,2.6,0.532,0.538,0.5,0.5,0.963,0.9,3.3,4.2,1.1,0.7,0.1,0.7,1.5,7.0,Bad
Jalen Brunson,PG,26.0,NYK,59.0,59.0,35.2,8.4,17.5,0.479,"0,479",1.8,4.6,0.401,6.5,12.9,0.507,0.531,4.9,5.9,0.834,0.6,3.0,3.6,6.2,0.9,0.3,2.0,2.3,23.6,Good
Thomas Bryant,C,25.0,TOT,47.0,25.0,20.2,4.4,6.9,0.64,"0,640",0.5,1.1,0.431,3.9,5.8,0.679,0.674,1.9,2.5,0.739,1.6,4.9,6.4,0.6,0.3,0.6,0.7,1.8,11.1,Bad
Thomas Bryant,C,25.0,LAL,41.0,25.0,21.4,4.8,7.3,0.654,"0,654",0.5,1.2,0.44,4.3,6.1,0.697,0.691,2.0,2.6,0.741,1.6,5.2,6.8,0.7,0.3,0.6,0.7,1.9,12.1,Bad
Thomas Bryant,C,25.0,DEN,6.0,0.0,12.3,1.5,3.5,0.429,"0,429",0.0,0.2,0.0,1.5,3.3,0.45,0.429,1.3,1.8,0.727,1.3,2.7,4.0,0.0,0.2,0.5,1.0,1.5,4.3,Bad
Reggie Bullock,SF,31.0,DAL,60.0,37.0,30.3,2.3,5.8,0.397,"0,397",1.9,4.9,0.375,0.5,0.9,0.519,0.556,0.4,0.6,0.686,0.5,3.0,3.5,1.4,0.8,0.2,0.5,2.3,6.9,Bad
Alec Burks,SG,31.0,DET,49.0,7.0,22.1,4.0,9.0,0.441,"0,441",1.9,4.6,0.42,2.0,4.4,0.463,0.548,3.0,3.7,0.816,0.4,2.7,3.0,2.2,0.7,0.1,1.1,1.9,12.8,Bad
Deonte Burton,SG,29.0,SAC,2.0,0.0,3.0,0.0,1.0,0.0,"0,000",0.0,0.5,0.0,0.0,0.5,0.0,0.0,0.0,0.0,,0.0,0.0,0.0,0.0,0.0,0.0,0.0,0.0,0.0,Bad
Jimmy Butler,SF,33.0,MIA,47.0,47.0,33.4,7.2,14.0,0.518,"0,518",0.5,1.7,0.321,6.7,12.3,0.544,0.537,6.9,8.2,0.844,2.2,3.7,5.9,5.1,2.0,0.3,1.7,1.3,21.9,Good
John Butler,C,20.0,POR,9.0,0.0,3.3,0.1,0.6,0.2,"0,200",0.0,0.4,0.0,0.1,0.1,0.001,0.2,0.0,0.0,,0.1,0.1,0.2,0.1,0.1,0.3,0.0,0.2,0.2,Bad
Jamal Cain,SF,23.0,MIA,14.0,0.0,13.3,1.9,3.6,0.52,"0,520",0.1,0.9,0.167,1.7,2.7,0.632,0.54,0.9,1.1,0.75,0.9,1.9,2.8,0.6,0.6,0.0,0.3,1.1,4.7,Bad
Kentavious Caldwell-Pope,SG,29.0,DEN,59.0,59.0,31.5,4.1,8.5,0.48,"0,480",1.9,4.3,0.452,2.1,4.2,0.508,0.594,1.4,1.6,0.842,0.5,2.4,2.9,2.3,1.4,0.5,1.2,2.1,11.4,Bad
Facundo Campazzo,PG,31.0,DAL,8.0,0.0,6.5,0.4,1.6,0.231,"0,231",0.4,1.4,0.273,0.0,0.3,0.0,0.346,0.1,0.3,0.5,0.0,0.3,0.3,1.1,0.8,0.0,0.4,0.4,1.3,Bad
Vlatko Čančar,PF,25.0,DEN,47.0,8.0,16.3,2.1,4.2,0.497,"0,497",0.9,2.1,0.412,1.3,2.2,0.578,0.598,0.6,0.7,0.935,0.5,1.9,2.3,1.5,0.4,0.3,0.7,1.6,5.7,Bad
Clint Capela,C,28.0,ATL,45.0,43.0,26.6,5.4,8.7,0.624,"0,624",0.0,0.0,0.0,5.4,8.7,0.626,0.624,1.1,1.9,0.593,4.2,7.0,11.2,0.8,0.7,1.2,0.8,2.2,12.0,Bad
Vernon Carey Jr.,C,21.0,WAS,11.0,0.0,2.5,0.2,0.7,0.25,"0,250",0.0,0.0,,0.2,0.7,0.25,0.25,0.2,0.2,0.001,0.3,0.7,1.0,0.3,0.2,0.2,0.2,0.5,0.5,Bad
Jevon Carter,PG,27.0,MIL,60.0,33.0,22.7,2.8,6.6,0.422,"0,422",1.6,3.9,0.403,1.3,2.8,0.449,0.539,0.4,0.5,0.781,0.4,2.2,2.7,2.5,1.0,0.4,1.1,2.0,7.6,Bad
Wendell Carter Jr.,C,23.0,ORL,42.0,39.0,29.7,5.5,10.7,0.517,"0,517",1.2,3.6,0.34,4.3,7.1,0.605,0.573,2.8,3.7,0.739,2.2,6.6,8.7,2.5,0.4,0.6,2.2,3.0,15.0,Bad
Alex Caruso,PG,28.0,CHI,51.0,21.0,24.2,1.9,4.3,0.442,"0,442",0.8,2.2,0.375,1.1,2.1,0.514,0.539,0.9,1.1,0.793,0.6,2.5,3.1,3.2,1.6,0.6,1.3,2.5,5.5,Bad
Julian Champagnie,SF,21.0,PHI,2.0,0.0,3.5,0.0,1.0,0.0,"0,000",0.0,0.5,0.0,0.0,0.5,0.0,0.0,0.0,0.0,,0.0,0.0,0.0,0.0,0.5,0.0,0.0,0.0,0.0,Bad
Justin Champagnie,SF,21.0,TOR,3.0,0.0,3.7,1.0,1.0,0.001,"1,000",0.0,0.0,,1.0,1.0,0.001,0.001,0.0,0.0,,0.3,1.0,1.3,0.3,0.0,0.0,0.0,0.3,2.0,Bad
Kennedy Chandler,PG,20.0,MEM,25.0,0.0,9.0,1.1,2.7,0.397,"0,397",0.1,0.6,0.143,1.0,2.2,0.463,0.412,0.2,0.4,0.455,0.3,1.0,1.2,1.9,0.4,0.2,0.6,0.5,2.4,Bad
Max Christie,SG,19.0,LAL,35.0,3.0,14.2,1.2,2.9,0.417,"0,417",0.7,1.8,0.419,0.5,1.2,0.415,0.544,0.4,0.5,0.875,0.2,1.9,2.1,0.5,0.2,0.2,0.4,0.9,3.6,Bad
Josh Christopher,SG,21.0,HOU,42.0,1.0,10.4,1.9,4.2,0.46,"0,460",0.3,1.2,0.245,1.6,3.0,0.543,0.494,0.6,0.9,0.73,0.3,0.8,1.1,0.9,0.4,0.2,0.9,0.8,4.8,Bad
Brandon Clarke,PF,26.0,MEM,53.0,8.0,19.9,4.2,6.4,0.661,"0,661",0.0,0.1,0.167,4.2,6.3,0.67,0.662,1.8,2.5,0.722,1.6,4.0,5.6,1.3,0.6,0.7,1.0,2.4,10.3,Bad
Jordan Clarkson,SG,30.0,UTA,60.0,60.0,32.6,7.5,16.9,0.445,"0,445",2.6,7.6,0.341,5.0,9.4,0.528,0.521,3.2,4.0,0.819,1.2,2.9,4.0,4.3,0.5,0.2,3.1,2.0,20.9,Good
Nic Claxton,C,23.0,BRK,56.0,56.0,29.4,5.5,7.6,0.715,"0,715",0.0,0.0,0.0,5.5,7.6,0.718,0.715,1.7,3.3,0.511,2.5,6.5,9.0,1.7,0.8,2.6,1.3,2.8,12.6,Bad
Amir Coffey,SG,25.0,LAC,41.0,9.0,13.9,1.3,3.3,0.39,"0,390",0.2,0.9,0.27,1.0,2.4,0.434,0.426,1.1,1.3,0.818,0.4,0.9,1.2,1.2,0.2,0.1,0.4,1.2,3.9,Bad
John Collins,PF,25.0,ATL,51.0,51.0,31.0,5.2,10.2,0.508,"0,508",0.8,3.2,0.256,4.4,7.0,0.624,0.548,2.0,2.5,0.813,1.1,5.9,7.0,1.2,0.7,1.2,1.2,3.2,13.2,Bad
Zach Collins,C,25.0,SAS,50.0,13.0,21.4,4.0,7.5,0.532,"0,532",0.6,1.8,0.36,3.3,5.7,0.586,0.575,1.6,2.1,0.745,1.8,4.2,6.0,2.6,0.5,0.6,1.9,3.2,10.2,Bad
Mike Conley,PG,35.0,TOT,48.0,47.0,29.8,3.5,8.7,0.406,"0,406",1.8,5.0,0.361,1.7,3.7,0.466,0.51,1.7,2.1,0.812,0.4,2.0,2.5,7.5,1.0,0.2,1.7,2.1,10.5,Bad
Mike Conley,PG,35.0,UTA,43.0,42.0,29.7,3.6,8.7,0.408,"0,408",1.8,5.0,0.362,1.8,3.8,0.469,0.511,1.8,2.2,0.813,0.4,2.1,2.5,7.7,1.0,0.2,1.7,2.2,10.7,Bad
Mike Conley,PG,35.0,MIN,5.0,5.0,31.2,3.2,8.2,0.39,"0,390",1.8,5.0,0.36,1.4,3.2,0.438,0.5,0.8,1.0,0.8,0.6,1.6,2.2,5.6,1.2,0.2,1.4,1.8,9.0,Bad
Pat Connaughton,SG,30.0,MIL,42.0,25.0,25.1,3.0,7.6,0.39,"0,390",2.0,5.8,0.348,0.9,1.8,0.527,0.524,0.4,0.7,0.607,0.8,4.2,5.0,1.3,0.7,0.1,0.6,1.1,8.3,Bad
Robert Covington,PF,32.0,LAC,36.0,0.0,16.2,1.9,4.7,0.406,"0,406",1.0,2.9,0.333,0.9,1.8,0.523,0.509,0.7,0.9,0.735,0.7,3.0,3.7,1.3,0.7,0.8,0.6,1.9,5.5,Bad
Torrey Craig,SF,32.0,PHO,59.0,49.0,25.8,3.0,6.6,0.452,"0,452",1.3,3.2,0.405,1.7,3.4,0.497,0.551,0.5,0.6,0.73,2.1,3.7,5.8,1.6,0.7,0.6,1.0,2.4,7.7,Bad
Jae Crowder,SF,32.0,MIL,2.0,0.0,20.5,2.5,4.0,0.625,"0,625",2.0,2.5,0.8,0.5,1.5,0.333,0.875,1.0,2.0,0.5,0.5,2.5,3.0,1.0,1.0,0.0,1.0,2.5,8.0,Bad
Jarrett Culver,SG,23.0,ATL,10.0,1.0,13.7,1.7,4.3,0.395,"0,395",0.1,1.2,0.083,1.6,3.1,0.516,0.407,0.9,1.3,0.692,1.0,2.8,3.8,0.6,0.6,0.2,0.7,1.4,4.4,Bad
Cade Cunningham,PG,21.0,DET,12.0,12.0,33.3,7.8,18.7,0.415,"0,415",1.4,5.1,0.279,6.3,13.6,0.466,0.453,3.0,3.6,0.837,1.0,5.2,6.2,6.0,0.8,0.6,3.3,2.8,19.9,Bad
Seth Curry,SG,32.0,BRK,42.0,6.0,22.4,3.9,8.2,0.468,"0,468",1.8,4.3,0.423,2.0,3.9,0.518,0.579,0.8,0.8,0.971,0.3,1.6,1.9,2.0,0.6,0.2,1.0,1.8,10.4,Bad
Stephen Curry,PG,34.0,GSW,38.0,38.0,34.6,9.8,19.8,0.495,"0,495",4.9,11.4,0.427,4.9,8.4,0.588,0.619,5.0,5.4,0.922,0.6,5.8,6.3,6.4,1.0,0.4,3.2,2.2,29.4,Good
Dyson Daniels,PG,19.0,NOP,40.0,11.0,19.6,1.7,3.9,0.445,"0,445",0.5,1.5,0.333,1.2,2.4,0.516,0.51,0.5,0.7,0.621,0.7,2.8,3.5,2.5,0.9,0.3,1.1,1.9,4.4,Bad
Anthony Davis,C,29.0,LAL,37.0,35.0,33.2,9.7,17.2,0.564,"0,564",0.4,1.5,0.241,9.4,15.8,0.593,0.574,6.0,7.4,0.813,3.3,9.1,12.4,2.5,1.1,2.0,2.1,2.7,25.7,Good
Johnny Davis,SG,20.0,WAS,13.0,0.0,4.8,0.5,1.4,0.333,"0,333",0.1,0.3,0.25,0.4,1.1,0.357,0.361,0.2,0.2,0.001,0.1,0.5,0.6,0.2,0.1,0.1,0.2,1.0,1.2,Bad
Terence Davis,SG,25.0,SAC,47.0,4.0,13.9,2.6,5.9,0.446,"0,446",1.4,3.8,0.382,1.2,2.1,0.561,0.569,0.7,0.7,0.886,0.4,2.0,2.4,1.3,0.8,0.3,0.9,1.9,7.3,Bad
JD Davison,PG,20.0,BOS,6.0,0.0,2.3,0.3,1.3,0.25,"0,250",0.0,0.5,0.0,0.3,0.8,0.4,0.25,0.0,0.0,,0.0,0.3,0.3,0.2,0.2,0.0,0.2,0.0,0.7,Bad
Darius Days,PF,23.0,HOU,4.0,0.0,6.3,1.3,3.0,0.417,"0,417",0.8,2.5,0.3,0.5,0.5,0.001,0.542,0.5,0.5,0.001,0.3,1.3,1.5,0.3,0.0,0.3,0.0,0.5,3.8,Bad
Dewayne Dedmon,C,33.0,MIA,30.0,0.0,11.7,2.1,4.3,0.496,"0,496",0.4,1.2,0.297,1.8,3.1,0.576,0.539,1.1,1.5,0.727,0.9,2.7,3.6,0.5,0.2,0.5,0.6,2.0,5.7,Bad
Matthew Dellavedova,PG,32.0,SAC,25.0,0.0,5.9,0.5,1.3,0.364,"0,364",0.2,0.6,0.375,0.2,0.7,0.353,0.455,0.1,0.2,0.6,0.0,0.3,0.4,1.3,0.2,0.0,0.3,0.6,1.3,Bad
DeMar DeRozan,SF,33.0,CHI,55.0,55.0,36.1,9.1,17.9,0.51,"0,510",0.5,1.6,0.307,8.7,16.3,0.529,0.523,6.5,7.4,0.881,0.4,4.2,4.6,5.1,1.0,0.5,2.2,2.7,25.3,Good
Moussa Diabaté,PF,21.0,LAC,18.0,1.0,9.6,1.2,2.2,0.525,"0,525",0.1,0.1,0.5,1.1,2.1,0.526,0.538,0.6,0.9,0.625,1.6,0.9,2.5,0.2,0.3,0.3,0.5,0.7,2.9,Bad
Mamadi Diakite,PF,26.0,CLE,16.0,2.0,6.1,0.7,1.6,0.423,"0,423",0.3,0.9,0.267,0.4,0.7,0.636,0.5,0.0,0.0,,0.2,0.6,0.8,0.1,0.1,0.4,0.4,0.8,1.6,Bad
Hamidou Diallo,SG,24.0,DET,53.0,0.0,17.2,3.7,6.4,0.581,"0,581",0.1,0.4,0.263,3.6,6.0,0.6,0.588,1.5,2.6,0.591,1.0,2.4,3.4,0.9,1.0,0.3,1.2,2.2,9.1,Bad
Gorgui Dieng,C,33.0,SAS,21.0,1.0,9.6,1.1,3.0,0.387,"0,387",0.6,2.0,0.279,0.6,0.9,0.632,0.484,0.2,0.3,0.833,0.9,1.8,2.6,1.4,0.1,0.3,0.8,1.4,3.1,Bad
Ousmane Dieng,SF,19.0,OKC,19.0,0.0,14.9,1.7,4.1,0.416,"0,416",0.7,2.4,0.289,1.0,1.7,0.594,0.5,0.1,0.3,0.4,0.4,2.2,2.6,1.4,0.3,0.3,0.6,1.2,4.2,Bad
Spencer Dinwiddie,PG,29.0,TOT,59.0,59.0,34.1,5.8,13.0,0.448,"0,448",2.5,6.4,0.394,3.3,6.6,0.5,0.544,3.3,4.0,0.828,0.3,2.8,3.2,5.3,0.8,0.3,1.7,2.4,17.5,Bad
Spencer Dinwiddie,PG,29.0,DAL,53.0,53.0,34.1,6.0,13.1,0.455,"0,455",2.6,6.4,0.405,3.4,6.7,0.504,0.555,3.2,3.9,0.821,0.4,2.7,3.1,5.3,0.7,0.3,1.7,2.3,17.7,Bad
Spencer Dinwiddie,PG,29.0,BRK,6.0,6.0,34.0,4.7,12.3,0.378,"0,378",1.7,5.8,0.286,3.0,6.5,0.462,0.446,4.5,5.2,0.871,0.2,3.7,3.8,5.7,1.0,0.0,2.0,2.5,15.5,Bad
Donte DiVincenzo,SG,26.0,GSW,51.0,16.0,25.6,3.2,7.3,0.436,"0,436",2.1,5.1,0.416,1.1,2.2,0.482,0.582,0.7,0.9,0.818,0.9,3.3,4.2,3.3,1.4,0.1,1.5,1.8,9.2,Bad
Luka Dončić,PG,23.0,DAL,52.0,52.0,36.4,11.2,22.1,0.504,"0,504",2.7,7.8,0.35,8.4,14.3,0.589,0.566,8.0,11.0,0.732,0.9,7.9,8.8,8.1,1.5,0.5,3.7,2.6,33.1,Good
Tyler Dorsey,SG,26.0,DAL,3.0,0.0,2.7,1.3,1.7,0.8,"0,800",0.3,0.7,0.5,1.0,1.0,0.001,0.9,0.0,0.0,,0.3,0.3,0.7,0.0,0.0,0.0,0.0,0.0,3.0,Bad
Luguentz Dort,SG,23.0,OKC,53.0,52.0,30.2,4.8,11.8,0.406,"0,406",1.9,5.4,0.349,2.9,6.5,0.453,0.485,2.6,3.5,0.76,1.5,2.9,4.4,2.2,1.0,0.3,1.3,3.2,14.1,Bad
Ayo Dosunmu,SG,23.0,CHI,59.0,49.0,28.3,3.8,7.7,0.494,"0,494",0.8,2.6,0.318,3.0,5.1,0.583,0.547,0.9,1.1,0.806,0.7,2.4,3.1,2.8,0.7,0.3,1.4,2.5,9.3,Bad
Devon Dotson,PG,23.0,WAS,6.0,0.0,8.8,0.2,1.7,0.1,"0,100",0.2,0.7,0.25,0.0,1.0,0.0,0.15,0.0,0.0,,1.0,0.7,1.7,1.3,0.8,0.0,0.5,1.5,0.5,Bad
Jeff Dowtin,PG,25.0,TOR,18.0,0.0,8.8,1.1,2.4,0.442,"0,442",0.2,0.6,0.273,0.9,1.8,0.5,0.477,0.2,0.2,0.75,0.3,0.6,0.9,0.9,0.2,0.1,0.3,0.6,2.4,Bad
PJ Dozier,SG,26.0,SAC,4.0,0.0,2.5,0.5,0.8,0.667,"0,667",0.3,0.5,0.5,0.3,0.3,0.001,0.833,0.0,0.0,,0.0,0.5,0.5,0.0,0.8,0.0,0.0,0.0,1.3,Bad
Goran Dragić,PG,36.0,CHI,51.0,0.0,15.4,2.5,5.9,0.425,"0,425",0.9,2.5,0.352,1.6,3.4,0.48,0.5,0.5,0.8,0.659,0.3,1.1,1.4,2.7,0.2,0.1,1.1,1.2,6.4,Bad
Andre Drummond,C,29.0,CHI,48.0,0.0,13.0,2.7,4.4,0.624,"0,624",0.0,0.0,0.0,2.7,4.3,0.63,0.624,1.0,1.9,0.522,2.2,4.5,6.7,0.6,0.7,0.3,1.1,1.9,6.5,Bad
Chris Duarte,SF,25.0,IND,38.0,10.0,19.1,2.6,7.2,0.364,"0,364",1.1,3.8,0.301,1.5,3.4,0.434,0.443,1.5,1.8,0.836,0.4,2.1,2.4,1.4,0.5,0.2,0.9,1.5,7.8,Bad
David Duke Jr.,SG,23.0,BRK,16.0,0.0,8.8,1.3,3.0,0.438,"0,438",0.0,0.4,0.0,1.3,2.6,0.5,0.438,0.3,0.5,0.5,0.4,0.6,0.9,0.8,0.4,0.1,0.8,1.6,2.9,Bad
Kris Dunn,PG,28.0,UTA,2.0,0.0,20.0,6.0,11.5,0.522,"0,522",1.0,3.5,0.286,5.0,8.0,0.625,0.565,0.0,1.0,0.0,1.5,2.5,4.0,4.5,1.5,0.5,0.5,3.0,13.0,Bad
Kevin Durant,PF,34.0,BRK,39.0,39.0,36.0,10.5,18.8,0.559,"0,559",1.8,4.8,0.376,8.7,14.0,0.622,0.607,6.8,7.3,0.934,0.4,6.4,6.7,5.3,0.8,1.5,3.5,2.4,29.7,Good
Jalen Duren,C,19.0,DET,52.0,27.0,25.1,3.6,5.6,0.645,"0,645",0.0,0.0,0.0,3.6,5.6,0.647,0.645,1.3,2.2,0.611,3.3,5.4,8.7,1.1,0.6,0.9,1.2,2.7,8.5,Bad
Tari Eason,PF,21.0,HOU,60.0,3.0,19.6,3.4,7.6,0.442,"0,442",0.7,2.0,0.347,2.7,5.7,0.475,0.487,1.3,1.7,0.75,2.3,3.4,5.6,1.0,1.1,0.6,1.1,2.2,8.7,Bad
Anthony Edwards,SG,21.0,MIN,63.0,63.0,36.3,9.0,19.5,0.46,"0,460",2.7,7.3,0.363,6.3,12.2,0.518,0.528,4.2,5.4,0.776,0.6,5.3,5.9,4.5,1.7,0.7,3.4,2.5,24.7,Good
Kessler Edwards,SF,22.0,TOT,16.0,1.0,5.8,0.4,1.8,0.214,"0,214",0.1,0.9,0.143,0.3,0.9,0.286,0.25,0.1,0.1,0.5,0.4,0.6,1.0,0.3,0.2,0.1,0.3,0.2,0.9,Bad
Kessler Edwards,SF,22.0,BRK,14.0,1.0,5.6,0.4,1.7,0.25,"0,250",0.1,0.9,0.167,0.3,0.9,0.333,0.292,0.1,0.1,0.5,0.4,0.6,1.0,0.1,0.2,0.1,0.3,0.2,1.1,Bad
Kessler Edwards,SF,22.0,SAC,2.0,0.0,7.0,0.0,2.0,0.0,"0,000",0.0,1.0,0.0,0.0,1.0,0.0,0.0,0.0,0.0,,0.5,0.5,1.0,1.0,0.0,0.0,0.0,0.0,0.0,Bad
Keon Ellis,SG,23.0,SAC,9.0,0.0,4.0,0.7,1.1,0.6,"0,600",0.6,0.9,0.625,0.1,0.2,0.5,0.85,0.2,0.3,0.667,0.3,0.4,0.8,0.3,0.2,0.1,0.1,0.7,2.1,Bad
Joel Embiid,C,28.0,PHI,48.0,48.0,35.1,10.9,20.6,0.532,"0,532",1.0,3.1,0.338,9.9,17.5,0.566,0.557,10.1,11.7,0.86,1.8,8.6,10.4,4.1,1.1,1.6,3.5,3.2,33.0,Good
Drew Eubanks,C,25.0,POR,58.0,15.0,19.6,2.5,3.7,0.681,"0,681",0.1,0.1,0.429,2.4,3.6,0.689,0.688,1.0,1.5,0.659,1.7,3.3,5.0,1.2,0.5,1.2,0.8,2.2,6.0,Bad
Bruno Fernando,C,24.0,TOT,33.0,4.0,11.2,1.5,2.9,0.521,"0,521",0.0,0.0,0.0,1.5,2.9,0.526,0.521,0.9,1.3,0.682,1.5,2.3,3.8,0.9,0.2,0.9,0.7,2.1,3.9,Bad
Bruno Fernando,C,24.0,HOU,31.0,4.0,11.7,1.5,3.0,0.516,"0,516",0.0,0.0,0.0,1.5,3.0,0.522,0.516,1.0,1.4,0.682,1.5,2.4,3.9,1.0,0.2,1.0,0.6,2.2,4.1,Bad
Bruno Fernando,C,24.0,ATL,2.0,0.0,3.0,1.0,1.5,0.667,"0,667",0.0,0.0,,1.0,1.5,0.667,0.667,0.0,0.0,,0.5,0.5,1.0,0.5,0.0,0.0,1.0,0.5,2.0,Bad
Dorian Finney-Smith,PF,29.0,TOT,46.0,46.0,31.8,3.1,7.7,0.408,"0,408",1.8,5.3,0.342,1.3,2.4,0.555,0.525,0.7,1.0,0.733,1.7,3.3,5.0,1.5,0.9,0.4,0.9,2.1,8.8,Bad
Dorian Finney-Smith,PF,29.0,DAL,40.0,40.0,32.2,3.2,7.8,0.416,"0,416",1.9,5.4,0.355,1.3,2.3,0.559,0.54,0.8,1.0,0.75,1.7,3.0,4.7,1.5,1.0,0.5,0.9,2.0,9.1,Bad
Dorian Finney-Smith,PF,29.0,BRK,6.0,6.0,29.3,2.5,7.2,0.349,"0,349",1.0,4.3,0.231,1.5,2.8,0.529,0.419,0.5,0.8,0.6,1.8,4.8,6.7,1.3,0.3,0.0,1.0,2.8,6.5,Bad
Malachi Flynn,PG,24.0,TOR,43.0,1.0,13.7,1.7,4.7,0.37,"0,370",1.0,2.6,0.378,0.7,2.1,0.36,0.475,0.4,0.6,0.708,0.3,1.2,1.5,1.5,0.4,0.1,0.4,1.3,4.8,Bad
Simone Fontecchio,SF,27.0,UTA,33.0,0.0,9.9,1.3,3.6,0.35,"0,350",0.8,2.5,0.305,0.5,1.2,0.447,0.454,0.5,0.7,0.773,0.5,0.6,1.1,0.5,0.2,0.2,0.5,1.0,3.8,Bad
Bryn Forbes,SG,29.0,MIN,25.0,0.0,10.7,1.2,3.3,0.361,"0,361",0.6,1.8,0.304,0.6,1.5,0.432,0.446,0.6,0.6,0.001,0.2,0.4,0.6,0.7,0.3,0.1,0.5,0.9,3.6,Bad
Trent Forrest,PG,24.0,ATL,18.0,3.0,13.3,1.3,2.8,0.48,"0,480",0.0,0.1,0.0,1.3,2.7,0.5,0.48,0.1,0.2,0.667,0.3,1.3,1.6,1.7,0.3,0.1,0.6,0.9,2.8,Bad
Michael Foster Jr.,PF,20.0,PHI,1.0,0.0,1.0,0.0,0.0,,"0,000",0.0,0.0,,0.0,0.0,,,0.0,0.0,,0.0,0.0,0.0,0.0,0.0,0.0,0.0,0.0,0.0,Bad
Evan Fournier,SG,30.0,NYK,23.0,7.0,18.0,2.3,6.6,0.351,"0,351",1.4,4.4,0.324,0.9,2.1,0.408,0.46,0.8,0.9,0.857,0.2,1.8,2.0,1.5,0.6,0.1,0.8,1.9,6.8,Bad
De'Aaron Fox,PG,25.0,SAC,55.0,55.0,34.1,9.4,18.3,0.515,"0,515",1.6,4.8,0.331,7.9,13.5,0.581,0.559,4.9,6.3,0.786,0.5,3.8,4.3,6.3,1.1,0.3,2.7,2.5,25.4,Good
Markelle Fultz,PG,24.0,ORL,41.0,41.0,29.2,5.4,10.9,0.5,"0,500",0.4,1.3,0.309,5.0,9.5,0.527,0.519,1.9,2.4,0.786,1.3,2.8,4.0,5.5,1.5,0.4,2.3,2.0,13.2,Bad
Wenyen Gabriel,PF,25.0,LAL,47.0,2.0,15.2,2.6,4.2,0.617,"0,617",0.2,0.6,0.3,2.4,3.5,0.675,0.64,0.8,1.3,0.623,1.6,2.2,3.8,0.5,0.3,0.5,0.7,2.2,6.1,Bad
Daniel Gafford,C,24.0,WAS,58.0,27.0,18.8,3.4,4.6,0.747,"0,747",0.0,0.0,,3.4,4.6,0.747,0.747,1.6,2.4,0.641,2.0,3.4,5.3,0.9,0.4,1.3,1.0,2.3,8.4,Bad
Darius Garland,PG,23.0,CLE,54.0,54.0,35.1,7.5,16.1,0.468,"0,468",2.6,6.1,0.421,5.0,10.0,0.496,0.547,4.3,4.9,0.868,0.4,2.2,2.6,7.9,1.3,0.1,2.9,2.1,21.9,Good
Usman Garuba,PF,20.0,HOU,53.0,1.0,13.5,1.2,2.3,0.532,"0,532",0.3,0.6,0.485,0.9,1.7,0.549,0.597,0.4,0.7,0.528,1.6,2.8,4.4,0.9,0.7,0.5,0.6,1.7,3.2,Bad
Luka Garza,C,24.0,MIN,23.0,0.0,9.1,2.3,4.4,0.529,"0,529",0.6,1.6,0.361,1.8,2.9,0.621,0.593,1.7,2.1,0.792,1.3,1.2,2.4,0.6,0.1,0.0,0.4,1.5,6.9,Bad
Rudy Gay,PF,36.0,UTA,46.0,0.0,14.5,1.8,4.8,0.378,"0,378",0.5,2.2,0.232,1.3,2.7,0.496,0.43,0.7,0.8,0.857,0.6,2.3,2.9,0.9,0.3,0.3,0.6,1.2,4.8,Bad
Paul George,SG,32.0,LAC,46.0,46.0,34.4,8.1,17.5,0.461,"0,461",2.9,7.7,0.384,5.1,9.8,0.522,0.545,4.4,5.0,0.875,0.7,5.4,6.1,5.2,1.4,0.4,3.3,2.7,23.5,Good
Taj Gibson,C,37.0,WAS,38.0,2.0,10.0,1.4,2.6,0.535,"0,535",0.1,0.4,0.235,1.3,2.2,0.598,0.556,0.6,0.9,0.676,0.7,1.3,2.0,0.8,0.3,0.3,0.5,1.9,3.5,Bad
Josh Giddey,SG,20.0,OKC,55.0,55.0,30.9,7.0,14.5,0.484,"0,484",0.9,2.9,0.309,6.1,11.5,0.528,0.515,1.3,1.7,0.769,2.0,5.8,7.7,5.8,0.8,0.5,3.0,2.1,16.2,Bad
Shai Gilgeous-Alexander,PG,24.0,OKC,54.0,54.0,35.5,10.2,20.2,0.507,"0,507",0.9,2.6,0.338,9.4,17.6,0.532,0.528,9.6,10.6,0.908,0.9,3.9,4.7,5.7,1.6,1.1,2.9,2.7,31.0,Good
Anthony Gill,PF,30.0,WAS,42.0,4.0,10.0,1.2,2.0,0.607,"0,607",0.1,0.5,0.158,1.1,1.5,0.738,0.625,0.6,0.8,0.771,0.5,0.8,1.4,0.5,0.1,0.2,0.2,1.2,3.1,Bad
Rudy Gobert,C,30.0,MIN,51.0,51.0,30.5,5.1,7.6,0.679,"0,679",0.0,0.1,0.0,5.1,7.5,0.684,0.679,3.1,4.6,0.671,3.2,8.4,11.6,0.9,0.8,1.3,1.7,2.9,13.4,Bad
Jordan Goodwin,PG,24.0,WAS,41.0,4.0,18.1,2.4,5.3,0.449,"0,449",0.6,1.7,0.382,1.7,3.6,0.48,0.509,0.8,1.1,0.75,0.9,2.4,3.3,2.5,1.0,0.5,0.9,1.7,6.2,Bad
Aaron Gordon,PF,27.0,DEN,50.0,50.0,30.2,6.5,11.2,0.583,"0,583",1.0,2.6,0.382,5.5,8.6,0.645,0.628,3.0,4.9,0.623,2.4,4.5,6.8,2.9,0.8,0.8,1.6,1.9,17.1,Bad
Eric Gordon,SG,34.0,TOT,51.0,47.0,29.6,4.3,9.8,0.434,"0,434",1.8,5.0,0.35,2.5,4.8,0.523,0.524,2.3,2.8,0.821,0.3,1.8,2.1,2.9,0.6,0.4,1.7,1.0,12.6,Bad
Eric Gordon,SG,34.0,HOU,47.0,47.0,30.2,4.5,10.2,0.439,"0,439",1.8,5.2,0.347,2.7,5.0,0.536,0.528,2.3,2.9,0.815,0.3,1.8,2.1,2.9,0.6,0.4,1.8,1.0,13.1,Bad
Eric Gordon,SG,34.0,LAC,4.0,0.0,23.3,1.8,5.5,0.318,"0,318",1.3,3.0,0.417,0.5,2.5,0.2,0.432,2.3,2.5,0.9,0.3,1.8,2.0,3.5,0.8,0.8,0.5,1.5,7.0,Bad
Devonte' Graham,PG,27.0,TOT,59.0,1.0,16.6,1.9,5.2,0.362,"0,362",1.4,4.1,0.343,0.5,1.1,0.435,0.498,1.0,1.3,0.747,0.3,1.2,1.5,2.4,0.6,0.2,0.5,0.9,6.1,Bad
Devonte' Graham,PG,27.0,NOP,53.0,0.0,15.3,1.6,4.4,0.368,"0,368",1.2,3.6,0.347,0.4,0.8,0.463,0.511,0.8,1.1,0.746,0.2,1.1,1.4,2.2,0.6,0.2,0.5,0.9,5.3,Bad
Devonte' Graham,PG,27.0,SAS,6.0,1.0,28.2,4.2,12.2,0.342,"0,342",2.8,8.7,0.327,1.3,3.5,0.381,0.459,2.5,3.3,0.75,0.8,1.7,2.5,4.7,0.8,0.7,0.8,1.3,13.7,Bad
Jerami Grant,PF,28.0,POR,55.0,55.0,35.6,7.1,14.6,0.484,"0,484",2.3,5.5,0.407,4.8,9.0,0.532,0.562,4.3,5.3,0.807,0.9,3.5,4.3,2.3,0.8,0.8,1.8,2.4,20.6,Good
A.J. Green,SG,23.0,MIL,27.0,0.0,9.7,1.6,3.6,0.449,"0,449",1.3,3.0,0.427,0.3,0.6,0.563,0.628,0.1,0.1,0.001,0.1,0.9,1.1,0.6,0.2,0.0,0.3,1.0,4.7,Bad
Danny Green,SG,35.0,TOT,6.0,0.0,11.8,1.0,3.2,0.316,"0,316",1.0,2.5,0.4,0.0,0.7,0.0,0.474,0.2,0.2,0.001,0.2,0.7,0.8,0.3,0.3,0.2,0.8,1.5,3.2,Bad
Danny Green,SG,35.0,MEM,3.0,0.0,14.3,1.0,3.7,0.273,"0,273",1.0,2.7,0.375,0.0,1.0,0.0,0.409,0.0,0.0,,0.3,1.0,1.3,0.7,0.3,0.0,1.0,2.0,3.0,Bad
Danny Green,SG,35.0,CLE,3.0,0.0,9.3,1.0,2.7,0.375,"0,375",1.0,2.3,0.429,0.0,0.3,0.0,0.563,0.3,0.3,0.001,0.0,0.3,0.3,0.0,0.3,0.3,0.7,1.0,3.3,Bad
Draymond Green,PF,32.0,GSW,53.0,53.0,31.5,3.2,6.2,0.517,"0,517",0.6,1.8,0.33,2.6,4.4,0.594,0.565,1.1,1.5,0.7,0.9,6.5,7.4,6.8,1.0,0.8,2.6,3.0,8.1,Bad
Jalen Green,SG,20.0,HOU,54.0,54.0,33.9,7.3,17.8,0.409,"0,409",2.5,7.6,0.333,4.7,10.1,0.467,0.481,4.7,5.9,0.788,0.6,3.4,4.0,3.6,0.8,0.2,2.9,1.7,21.8,Good
JaMychal Green,PF,32.0,GSW,41.0,1.0,14.7,2.4,4.6,0.516,"0,516",0.7,2.0,0.349,1.7,2.6,0.645,0.592,0.9,1.2,0.714,1.3,2.6,3.9,1.0,0.5,0.3,1.1,2.0,6.3,Bad
Javonte Green,SG,29.0,CHI,28.0,1.0,16.0,2.2,3.7,0.587,"0,587",0.5,1.2,0.382,1.7,2.5,0.686,0.649,1.0,1.5,0.674,0.9,2.0,2.9,0.8,0.8,0.7,0.7,1.7,5.9,Bad
Jeff Green,PF,36.0,DEN,39.0,3.0,19.4,3.1,6.2,0.498,"0,498",0.4,1.7,0.25,2.6,4.4,0.595,0.533,1.5,2.1,0.707,0.7,1.8,2.5,1.2,0.4,0.3,0.9,1.9,8.1,Bad
Josh Green,SG,22.0,DAL,42.0,10.0,24.7,3.3,6.1,0.543,"0,543",1.2,2.9,0.421,2.1,3.2,0.652,0.643,1.4,2.0,0.714,0.9,1.8,2.7,1.6,0.8,0.1,1.0,2.6,9.3,Bad
AJ Griffin,SF,19.0,ATL,57.0,11.0,20.2,3.6,7.6,0.475,"0,475",1.5,3.7,0.392,2.2,3.9,0.554,0.57,0.5,0.6,0.875,0.5,1.6,2.1,1.0,0.7,0.1,0.6,1.2,9.2,Bad
Blake Griffin,C,33.0,BOS,27.0,12.0,14.1,1.7,3.5,0.5,"0,500",0.7,1.8,0.388,1.0,1.7,0.622,0.601,0.6,0.9,0.625,0.9,2.4,3.3,1.3,0.3,0.2,0.5,1.9,4.7,Bad
Quentin Grimes,SG,22.0,NYK,52.0,47.0,29.7,3.5,7.9,0.444,"0,444",1.8,5.2,0.351,1.7,2.7,0.62,0.559,1.1,1.3,0.8,0.8,2.5,3.3,1.9,0.6,0.4,1.0,2.5,9.9,Bad
Rui Hachimura,PF,24.0,TOT,43.0,8.0,24.5,4.9,10.1,0.48,"0,480",0.9,2.7,0.322,4.0,7.4,0.539,0.524,1.6,2.2,0.716,0.8,3.8,4.6,1.0,0.3,0.3,1.0,1.1,12.2,Bad
Rui Hachimura,PF,24.0,WAS,30.0,0.0,24.3,5.3,10.8,0.488,"0,488",1.0,3.0,0.337,4.3,7.8,0.545,0.534,1.5,1.9,0.759,0.6,3.6,4.3,1.2,0.4,0.4,1.2,1.3,13.0,Bad
Rui Hachimura,PF,24.0,LAL,13.0,8.0,24.9,3.9,8.5,0.459,"0,459",0.6,2.2,0.276,3.3,6.3,0.524,0.495,1.8,2.8,0.649,1.3,4.1,5.4,0.6,0.3,0.2,0.5,0.6,10.3,Bad
Tyrese Haliburton,PG,22.0,IND,50.0,50.0,33.6,7.1,14.8,0.482,"0,482",2.9,7.2,0.399,4.3,7.7,0.559,0.578,2.7,3.1,0.865,0.6,3.0,3.7,10.2,1.7,0.4,2.6,1.2,19.8,Bad
Jordan Hall,SF,21.0,SAS,9.0,0.0,9.2,1.0,3.1,0.321,"0,321",0.3,1.7,0.2,0.7,1.4,0.462,0.375,0.8,1.0,0.778,0.3,1.0,1.3,1.2,0.1,0.0,0.8,0.7,3.1,Bad
,,,,,,,,,,"0,000",,,,,,,,,,,,,,,,,,,,
R.J. Hampton,PG,21.0,TOT,28.0,0.0,13.9,1.8,4.3,0.425,"0,425",0.6,2.0,0.321,1.2,2.3,0.516,0.5,1.1,1.3,0.838,0.3,1.3,1.6,1.3,0.6,0.2,0.8,0.8,5.4,Bad
R.J. Hampton,PG,21.0,ORL,26.0,0.0,13.9,1.9,4.4,0.439,"0,439",0.7,2.0,0.34,1.2,2.3,0.525,0.518,1.2,1.4,0.838,0.3,1.2,1.5,1.3,0.6,0.2,0.8,0.8,5.7,Bad
R.J. Hampton,PG,21.0,DET,2.0,0.0,14.0,0.5,3.0,0.167,"0,167",0.0,1.5,0.0,0.5,1.5,0.333,0.167,0.0,0.0,,0.0,2.5,2.5,0.5,1.0,0.5,0.5,0.5,1.0,Bad
Tim Hardaway Jr.,SG,30.0,DAL,56.0,37.0,30.1,4.7,12.3,0.38,"0,380",2.9,7.9,0.36,1.8,4.3,0.417,0.497,1.8,2.3,0.756,0.3,3.3,3.6,1.7,0.7,0.1,0.9,1.6,13.9,Bad
James Harden,PG,33.0,PHI,44.0,44.0,36.7,6.5,14.5,0.45,"0,450",2.9,7.3,0.393,3.7,7.3,0.508,0.548,5.6,6.5,0.864,0.5,5.6,6.2,10.7,1.3,0.6,3.4,2.0,21.6,Good
Jaden Hardy,SG,20.0,DAL,32.0,0.0,11.6,2.2,5.1,0.423,"0,423",0.8,2.3,0.342,1.4,2.8,0.489,0.5,1.3,1.5,0.875,0.1,1.3,1.3,0.8,0.3,0.1,0.8,1.3,6.4,Bad
Ron Harper Jr.,SF,22.0,TOR,4.0,0.0,3.5,1.0,1.8,0.571,"0,571",0.5,1.0,0.5,0.5,0.8,0.667,0.714,0.0,0.0,,0.3,0.3,0.5,0.0,0.0,0.0,0.0,0.0,2.5,Bad
Montrezl Harrell,C,29.0,PHI,50.0,7.0,12.5,2.2,3.7,0.605,"0,605",0.0,0.0,0.0,2.2,3.7,0.612,0.605,1.2,1.7,0.694,1.2,1.6,2.8,0.6,0.3,0.5,0.6,1.5,5.7,Bad
Gary Harris,SG,28.0,ORL,33.0,27.0,24.8,3.0,6.3,0.471,"0,471",1.9,4.2,0.446,1.1,2.1,0.522,0.62,0.8,0.8,0.893,0.5,1.6,2.1,1.2,0.9,0.2,0.7,2.0,8.6,Bad
Joe Harris,SG,31.0,BRK,53.0,32.0,23.5,3.0,6.7,0.456,"0,456",2.0,4.8,0.413,1.1,1.9,0.566,0.605,0.3,0.5,0.625,0.4,2.2,2.5,1.6,0.5,0.2,0.7,2.4,8.3,Bad
Kevon Harris,SG,25.0,ORL,27.0,0.0,12.4,1.2,2.9,0.416,"0,416",0.4,1.0,0.393,0.8,1.8,0.429,0.487,0.8,1.0,0.815,0.9,1.1,2.0,0.4,0.5,0.1,0.6,1.3,3.6,Bad
Tobias Harris,PF,30.0,PHI,56.0,56.0,33.7,6.1,12.2,0.498,"0,498",1.8,4.7,0.38,4.3,7.5,0.572,0.571,1.4,1.6,0.856,0.9,4.9,5.8,2.5,1.0,0.5,1.3,2.0,15.3,Bad
Josh Hart,SF-SG,27.0,TOT,57.0,51.0,32.7,3.7,7.2,0.517,"0,517",0.8,2.3,0.351,2.9,4.9,0.594,0.573,1.7,2.4,0.731,1.8,6.1,7.9,3.8,1.1,0.2,1.5,2.6,10.0,Bad
Josh Hart,SF,27.0,POR,51.0,51.0,33.4,3.6,7.1,0.504,"0,504",0.7,2.2,0.304,2.9,4.9,0.594,0.551,1.7,2.3,0.731,1.9,6.3,8.2,3.9,1.1,0.2,1.5,2.6,9.5,Bad
Josh Hart,SG,27.0,NYK,6.0,0.0,26.3,5.0,8.2,0.612,"0,612",2.0,3.2,0.632,3.0,5.0,0.6,0.735,1.8,2.5,0.733,1.5,3.8,5.3,3.2,1.2,0.5,1.2,2.2,13.8,Bad
Isaiah Hartenstein,C,24.0,NYK,63.0,7.0,19.6,2.2,4.1,0.521,"0,521",0.1,0.5,0.235,2.0,3.6,0.564,0.536,0.6,0.8,0.755,2.8,3.8,6.6,0.9,0.6,0.8,0.8,2.6,5.1,Bad
Udonis Haslem,C,42.0,MIA,6.0,1.0,7.7,0.2,2.0,0.083,"0,083",0.0,0.3,0.0,0.2,1.7,0.1,0.083,0.2,0.3,0.5,0.7,0.7,1.3,0.0,0.2,0.2,0.0,1.3,0.5,Bad
Sam Hauser,PF,25.0,BOS,60.0,4.0,15.6,2.2,4.8,0.455,"0,455",1.7,4.0,0.414,0.5,0.8,0.653,0.627,0.2,0.3,0.667,0.5,2.1,2.5,0.7,0.3,0.3,0.3,1.3,6.2,Bad
Jaxson Hayes,C,22.0,NOP,35.0,2.0,13.3,1.8,3.4,0.534,"0,534",0.1,0.7,0.115,1.7,2.6,0.652,0.547,1.2,1.7,0.672,0.9,2.1,2.9,0.7,0.5,0.3,0.6,1.4,4.9,Bad
Killian Hayes,PG,21.0,DET,58.0,39.0,27.1,3.8,10.2,0.369,"0,369",1.2,3.8,0.3,2.6,6.3,0.41,0.426,0.8,1.0,0.817,0.3,2.4,2.7,5.9,1.3,0.4,2.0,3.0,9.5,Bad
Gordon Hayward,SF,32.0,CHO,37.0,37.0,31.3,5.5,11.6,0.472,"0,472",1.0,3.2,0.319,4.4,8.4,0.531,0.516,2.6,3.2,0.817,0.7,3.7,4.4,3.7,0.9,0.2,1.9,1.4,14.6,Bad
Juancho Hernangómez,PF,27.0,TOR,42.0,10.0,14.6,1.1,2.7,0.421,"0,421",0.4,1.6,0.254,0.7,1.1,0.66,0.496,0.2,0.4,0.563,0.6,2.3,2.9,0.6,0.4,0.1,0.4,1.0,2.9,Bad
Willy Hernangómez,C,28.0,NOP,30.0,0.0,12.8,2.6,4.8,0.535,"0,535",0.1,0.3,0.2,2.5,4.5,0.56,0.542,2.4,3.0,0.78,1.7,3.4,5.1,0.9,0.4,0.4,1.1,1.7,7.6,Bad
Tyler Herro,SG,23.0,MIA,48.0,48.0,35.4,7.4,17.1,0.432,"0,432",3.0,8.2,0.371,4.4,8.9,0.488,0.521,2.6,2.9,0.92,0.5,5.2,5.7,4.3,0.9,0.3,2.4,1.7,20.5,Good
Buddy Hield,SF,30.0,IND,62.0,62.0,32.1,6.1,13.6,0.452,"0,452",3.8,9.0,0.425,2.3,4.6,0.507,0.593,1.3,1.5,0.86,0.8,4.1,4.9,2.7,1.2,0.3,1.8,2.0,17.4,Bad
Haywood Highsmith,SF,26.0,MIA,44.0,9.0,19.4,1.8,4.3,0.426,"0,426",0.8,2.3,0.356,1.0,2.0,0.506,0.521,0.3,0.5,0.458,1.0,2.7,3.7,0.7,0.8,0.3,0.8,1.6,4.8,Bad
George Hill,PG,36.0,TOT,36.0,0.0,18.8,1.6,3.7,0.447,"0,447",0.6,2.1,0.311,1.0,1.6,0.621,0.534,0.9,1.3,0.739,0.4,1.5,1.9,2.5,0.6,0.1,0.8,1.1,4.9,Bad
George Hill,PG,36.0,MIL,35.0,0.0,19.1,1.7,3.8,0.447,"0,447",0.7,2.1,0.311,1.0,1.7,0.621,0.534,1.0,1.3,0.739,0.4,1.5,1.9,2.5,0.5,0.1,0.8,1.2,5.0,Bad
George Hill,PG,36.0,IND,1.0,0.0,10.0,0.0,0.0,,"0,000",0.0,0.0,,0.0,0.0,,,0.0,0.0,,0.0,0.0,0.0,0.0,1.0,0.0,0.0,0.0,0.0,Bad
Malcolm Hill,SF,27.0,CHI,5.0,0.0,1.8,0.4,0.8,0.5,"0,500",0.2,0.6,0.333,0.2,0.2,0.001,0.625,0.0,0.0,,0.0,0.6,0.6,0.0,0.0,0.0,0.0,0.2,1.0,Bad
Aaron Holiday,PG,26.0,ATL,51.0,5.0,14.3,1.5,3.7,0.415,"0,415",0.6,1.5,0.413,0.9,2.2,0.416,0.497,0.5,0.5,0.857,0.4,0.9,1.3,1.3,0.5,0.2,0.6,1.3,4.1,Bad
Jrue Holiday,PG,32.0,MIL,49.0,47.0,33.0,7.5,16.0,0.469,"0,469",2.5,6.4,0.384,5.0,9.6,0.526,0.546,2.4,2.8,0.859,1.2,4.0,5.2,7.1,1.3,0.4,3.0,1.9,19.8,Bad
Justin Holiday,SG,33.0,TOT,30.0,1.0,15.4,1.8,4.6,0.401,"0,401",1.2,3.3,0.378,0.6,1.3,0.462,0.536,0.0,0.0,,0.1,0.8,0.8,0.9,0.2,0.4,0.4,1.4,4.9,Bad
Justin Holiday,SG,33.0,ATL,28.0,0.0,14.7,1.7,4.5,0.384,"0,384",1.1,3.1,0.345,0.6,1.4,0.474,0.504,0.0,0.0,,0.1,0.8,0.8,0.9,0.2,0.4,0.4,1.3,4.5,Bad
Justin Holiday,SG,33.0,DAL,2.0,1.0,25.0,3.5,6.0,0.583,"0,583",3.5,5.5,0.636,0.0,0.5,0.0,0.875,0.0,0.0,,0.0,1.0,1.0,1.0,1.0,1.5,0.0,2.5,10.5,Bad
Richaun Holmes,C,29.0,SAC,34.0,1.0,8.9,1.4,2.0,0.681,"0,681",0.1,0.1,0.75,1.3,1.9,0.677,0.703,0.4,0.5,0.824,0.7,1.4,2.1,0.1,0.1,0.3,0.4,1.3,3.3,Bad
Al Horford,C,36.0,BOS,48.0,48.0,30.7,3.5,7.5,0.472,"0,472",2.1,4.9,0.43,1.4,2.6,0.553,0.613,0.3,0.4,0.722,1.2,4.9,6.1,2.7,0.5,0.9,0.6,1.9,9.4,Bad
Talen Horton-Tucker,SG,22.0,UTA,48.0,3.0,17.1,2.8,7.1,0.4,"0,400",0.7,2.7,0.266,2.1,4.4,0.481,0.45,1.4,1.9,0.753,0.5,2.2,2.6,3.0,0.6,0.5,1.4,1.6,7.8,Bad
Danuel House Jr.,SF,29.0,PHI,37.0,2.0,14.8,1.5,3.2,0.458,"0,458",0.6,1.9,0.333,0.8,1.3,0.646,0.558,0.8,1.1,0.7,0.2,1.5,1.8,0.7,0.2,0.2,0.4,1.2,4.4,Bad
Caleb Houstan,SF,20.0,ORL,34.0,2.0,16.1,1.5,3.6,0.41,"0,410",1.0,2.5,0.388,0.5,1.1,0.459,0.545,0.3,0.4,0.846,0.7,1.5,2.2,0.5,0.2,0.1,0.4,1.4,4.2,Bad
Trevor Hudgins,PG,23.0,HOU,5.0,0.0,5.6,0.4,1.8,0.222,"0,222",0.4,1.6,0.25,0.0,0.2,0.0,0.333,0.6,0.6,0.001,0.0,0.0,0.0,0.6,0.0,0.0,0.2,0.2,1.8,Bad
Kevin Huerter,SG,24.0,SAC,57.0,57.0,30.1,5.4,11.3,0.477,"0,477",2.6,6.7,0.387,2.8,4.6,0.608,0.592,1.3,1.8,0.699,0.6,2.8,3.4,2.9,1.1,0.3,1.4,2.5,14.6,Bad
De'Andre Hunter,SF,25.0,ATL,51.0,51.0,31.7,5.6,12.2,0.46,"0,460",1.6,4.3,0.367,4.0,7.8,0.511,0.525,2.9,3.5,0.83,0.6,3.7,4.3,1.4,0.5,0.2,1.2,3.0,15.6,Bad
Bones Hyland,PG,22.0,TOT,45.0,1.0,19.3,4.0,10.1,0.398,"0,398",2.1,5.6,0.38,1.9,4.6,0.42,0.502,1.7,2.0,0.854,0.3,1.8,2.1,2.9,0.7,0.3,1.6,1.6,11.8,Bad
Bones Hyland,PG,22.0,DEN,42.0,1.0,19.5,4.1,10.3,0.399,"0,399",2.2,5.7,0.378,2.0,4.6,0.425,0.503,1.7,2.0,0.866,0.2,1.8,2.0,3.0,0.7,0.3,1.6,1.6,12.1,Bad
Bones Hyland,PG,22.0,LAC,3.0,0.0,15.7,2.7,7.0,0.381,"0,381",1.3,3.0,0.444,1.3,4.0,0.333,0.476,1.7,2.3,0.714,1.7,1.3,3.0,1.7,0.7,0.0,1.0,2.3,8.3,Bad
Serge Ibaka,C,33.0,MIL,16.0,0.0,11.6,1.6,3.4,0.481,"0,481",0.4,1.1,0.333,1.3,2.3,0.556,0.537,0.5,0.8,0.615,0.9,1.8,2.8,0.3,0.1,0.4,0.7,1.4,4.1,Bad
Andre Iguodala,SF,39.0,GSW,3.0,0.0,14.0,1.0,1.3,0.75,"0,750",0.3,0.7,0.5,0.7,0.7,0.001,0.875,0.0,0.0,,0.3,2.0,2.3,1.7,0.3,0.3,1.7,1.7,2.3,Bad
Joe Ingles,SF,35.0,MIL,27.0,0.0,22.6,2.1,5.4,0.381,"0,381",1.4,4.3,0.336,0.6,1.1,0.548,0.514,0.4,0.6,0.8,0.3,2.6,2.9,3.0,0.6,0.1,1.1,1.7,6.0,Bad
Brandon Ingram,SF,25.0,NOP,27.0,27.0,32.7,8.2,17.9,0.459,"0,459",1.7,4.1,0.405,6.5,13.7,0.474,0.505,4.9,5.5,0.879,0.4,4.6,5.0,4.7,0.7,0.4,3.3,2.6,22.9,Good
Kyrie Irving,PG,30.0,TOT,46.0,46.0,36.9,9.9,20.2,0.489,"0,489",3.3,8.6,0.378,6.6,11.6,0.571,0.569,4.0,4.4,0.897,1.0,4.1,5.1,5.4,1.0,0.8,2.3,2.8,27.0,Good
Kyrie Irving,PG,30.0,BRK,40.0,40.0,37.0,10.0,20.5,0.486,"0,486",3.3,8.7,0.374,6.7,11.8,0.569,0.565,4.0,4.5,0.883,1.0,4.2,5.1,5.3,1.0,0.8,2.3,2.7,27.1,Good
Kyrie Irving,PG,30.0,DAL,6.0,6.0,36.8,9.3,18.3,0.509,"0,509",3.3,8.2,0.408,6.0,10.2,0.59,0.6,4.2,4.2,0.001,1.5,3.7,5.2,6.5,1.0,0.5,2.3,3.2,26.2,Good
Jonathan Isaac,PF,25.0,ORL,11.0,0.0,11.3,2.0,4.8,0.415,"0,415",0.5,1.4,0.4,1.5,3.5,0.421,0.472,0.5,0.8,0.556,1.4,2.6,4.0,0.5,1.3,0.4,0.4,0.5,5.0,Bad
Jaden Ivey,SG,20.0,DET,57.0,56.0,30.1,5.2,12.4,0.42,"0,420",1.4,4.2,0.336,3.8,8.2,0.464,0.477,3.5,4.8,0.725,1.0,2.9,3.9,4.7,0.9,0.3,2.8,3.1,15.3,Bad
Isaiah Jackson,C,21.0,IND,45.0,5.0,15.3,2.6,4.6,0.573,"0,573",0.0,0.3,0.167,2.6,4.3,0.598,0.578,1.5,2.3,0.648,1.4,2.5,3.9,0.9,0.4,1.5,0.9,2.2,6.8,Bad
Jaren Jackson Jr.,C,23.0,MEM,42.0,42.0,27.2,5.9,12.0,0.493,"0,493",1.5,4.4,0.348,4.4,7.6,0.576,0.556,3.3,4.2,0.787,1.7,5.0,6.6,0.9,1.1,3.2,1.5,3.4,16.7,Bad
Justin Jackson,SF,27.0,BOS,23.0,0.0,4.7,0.3,1.2,0.259,"0,259",0.2,0.9,0.25,0.1,0.3,0.286,0.352,0.0,0.1,0.5,0.1,0.7,0.7,0.4,0.2,0.2,0.1,0.3,0.9,Bad
Quenton Jackson,PG,24.0,WAS,3.0,0.0,2.7,0.7,1.0,0.667,"0,667",0.3,0.7,0.5,0.3,0.3,0.001,0.833,0.0,0.0,,0.3,0.0,0.3,0.3,0.0,0.0,0.0,0.3,1.7,Bad
Reggie Jackson,PG,32.0,TOT,55.0,38.0,25.3,4.0,9.7,0.413,"0,413",1.5,4.3,0.349,2.5,5.5,0.463,0.49,1.2,1.3,0.914,0.4,1.8,2.2,3.5,0.7,0.1,1.8,1.8,10.7,Bad
Reggie Jackson,PG,32.0,LAC,52.0,38.0,25.7,4.1,9.8,0.418,"0,418",1.5,4.2,0.35,2.6,5.6,0.469,0.493,1.2,1.3,0.924,0.4,1.8,2.2,3.5,0.7,0.1,1.8,1.8,10.9,Bad
Reggie Jackson,PG,32.0,DEN,3.0,0.0,18.7,2.3,7.7,0.304,"0,304",1.7,5.0,0.333,0.7,2.7,0.25,0.413,1.0,1.3,0.75,0.3,1.7,2.0,3.0,0.7,0.3,0.7,2.0,7.3,Bad
LeBron James,PF,38.0,LAL,47.0,47.0,36.1,11.3,22.6,0.501,"0,501",2.1,6.9,0.308,9.2,15.7,0.587,0.549,4.8,6.3,0.759,1.2,7.2,8.4,6.9,0.9,0.6,3.1,1.7,29.5,Good
Ty Jerome,SG,25.0,GSW,39.0,2.0,18.4,2.9,5.6,0.509,"0,509",0.8,2.0,0.41,2.1,3.6,0.563,0.582,0.9,0.9,0.919,0.2,1.5,1.7,2.9,0.5,0.1,0.7,1.5,7.4,Bad
Isaiah Joe,SG,23.0,OKC,52.0,4.0,16.4,2.9,6.1,0.478,"0,478",2.2,4.9,0.453,0.7,1.2,0.581,0.66,0.9,1.2,0.817,0.3,2.0,2.3,1.1,0.6,0.1,0.5,1.4,9.0,Bad
Alize Johnson,PF,26.0,SAS,4.0,0.0,7.5,0.8,1.5,0.5,"0,500",0.0,0.5,0.0,0.8,1.0,0.75,0.5,0.3,0.5,0.5,0.5,2.0,2.5,0.3,0.3,0.0,1.0,0.8,1.8,Bad
Cameron Johnson,PF,26.0,TOT,22.0,21.0,26.1,5.0,10.8,0.466,"0,466",2.6,6.3,0.41,2.5,4.5,0.545,0.586,1.7,2.1,0.809,0.7,3.0,3.7,1.5,1.0,0.4,0.5,1.7,14.4,Bad
Cameron Johnson,PF,26.0,PHO,17.0,16.0,25.2,4.8,10.2,0.474,"0,474",2.6,5.8,0.455,2.2,4.4,0.5,0.604,1.6,1.9,0.818,0.8,3.0,3.8,1.5,0.9,0.4,0.6,1.7,13.9,Bad
Cameron Johnson,PF,26.0,BRK,5.0,5.0,29.0,5.8,13.0,0.446,"0,446",2.4,8.0,0.3,3.4,5.0,0.68,0.538,2.2,2.8,0.786,0.4,2.8,3.2,1.6,1.4,0.4,0.0,1.8,16.2,Bad
Jalen Johnson,SF,21.0,ATL,57.0,6.0,14.3,2.0,4.2,0.479,"0,479",0.4,1.4,0.284,1.6,2.8,0.579,0.527,0.7,1.1,0.661,0.7,3.1,3.8,0.9,0.5,0.5,0.5,1.4,5.2,Bad
James Johnson,PF,35.0,IND,12.0,1.0,8.2,0.8,2.3,0.37,"0,370",0.3,0.8,0.3,0.6,1.4,0.412,0.426,0.3,0.3,0.75,0.2,1.2,1.3,0.6,0.3,0.4,0.4,2.0,2.2,Bad
Keldon Johnson,SF,23.0,SAS,54.0,54.0,32.6,7.8,17.4,0.446,"0,446",2.1,6.5,0.324,5.7,10.9,0.519,0.506,4.1,5.3,0.774,0.9,4.0,4.8,2.8,0.7,0.2,2.1,1.9,21.8,Good
Keon Johnson,SG,20.0,POR,30.0,0.0,10.0,1.6,4.4,0.366,"0,366",0.7,2.0,0.367,0.9,2.4,0.366,0.45,0.4,0.7,0.571,0.3,0.9,1.2,1.1,0.5,0.1,1.0,1.0,4.3,Bad
Stanley Johnson,SF,26.0,SAS,30.0,0.0,15.6,2.2,4.1,0.533,"0,533",0.6,1.3,0.45,1.6,2.7,0.573,0.607,0.9,1.3,0.667,0.7,2.4,3.2,2.2,0.5,0.2,1.1,1.6,5.8,Bad
Nikola Jokić,C,27.0,DEN,54.0,54.0,33.7,9.4,14.9,0.633,"0,633",0.8,2.1,0.398,8.6,12.8,0.671,0.661,5.1,6.2,0.824,2.3,9.4,11.7,10.0,1.3,0.7,3.6,2.6,24.8,Good
Carlik Jones,PG,25.0,CHI,2.0,0.0,11.5,0.5,2.5,0.2,"0,200",0.0,0.5,0.0,0.5,2.0,0.25,0.2,0.5,2.0,0.25,0.5,1.0,1.5,1.0,0.0,0.0,0.5,0.5,1.5,Bad
Damian Jones,C,27.0,TOT,24.0,1.0,8.2,1.0,1.7,0.561,"0,561",0.0,0.1,0.0,1.0,1.6,0.605,0.561,0.7,0.9,0.727,0.8,1.8,2.6,0.2,0.1,0.6,0.4,0.9,2.6,Bad
Damian Jones,C,27.0,LAL,22.0,1.0,8.0,0.9,1.7,0.541,"0,541",0.0,0.1,0.0,0.9,1.5,0.588,0.541,0.7,0.9,0.75,0.8,1.7,2.5,0.2,0.1,0.5,0.4,0.8,2.5,Bad
Damian Jones,C,27.0,UTA,2.0,0.0,10.5,1.5,2.0,0.75,"0,750",0.0,0.0,,1.5,2.0,0.75,0.75,0.5,1.0,0.5,1.0,2.5,3.5,0.5,0.0,1.0,0.5,2.0,3.5,Bad
Derrick Jones Jr.,SF,25.0,CHI,48.0,0.0,14.7,1.8,3.6,0.506,"0,506",0.4,1.1,0.327,1.5,2.5,0.588,0.557,1.1,1.4,0.794,1.0,1.5,2.5,0.6,0.5,0.6,0.4,1.4,5.2,Bad
Herbert Jones,SF,24.0,NOP,46.0,46.0,28.7,3.3,7.6,0.44,"0,440",0.7,2.6,0.28,2.6,5.0,0.522,0.487,2.0,2.7,0.748,1.3,2.5,3.9,2.2,1.6,0.7,1.3,3.2,9.4,Bad
Kai Jones,C,22.0,CHO,29.0,0.0,8.9,1.1,2.1,0.533,"0,533",0.1,0.4,0.273,1.0,1.7,0.592,0.558,0.3,0.5,0.714,0.7,1.2,1.9,0.2,0.3,0.4,0.3,1.1,2.7,Bad
Tre Jones,PG,23.0,SAS,52.0,52.0,29.3,4.9,11.3,0.436,"0,436",0.7,2.5,0.265,4.3,8.8,0.486,0.466,2.2,2.5,0.891,0.8,2.8,3.6,6.3,1.3,0.2,1.8,1.4,12.8,Bad
Tyus Jones,PG,26.0,MEM,59.0,9.0,22.9,3.7,8.5,0.432,"0,432",1.5,3.9,0.377,2.2,4.6,0.478,0.518,1.0,1.2,0.806,0.4,1.8,2.2,4.6,1.0,0.1,0.9,0.4,9.8,Bad
DeAndre Jordan,C,34.0,DEN,34.0,5.0,14.6,2.2,2.8,0.771,"0,771",0.0,0.0,0.001,2.1,2.8,0.768,0.776,0.5,1.2,0.439,1.2,3.7,4.9,0.9,0.2,0.6,1.2,1.9,4.9,Bad
Cory Joseph,PG,31.0,DET,43.0,2.0,16.0,1.7,4.4,0.388,"0,388",0.6,2.0,0.314,1.1,2.4,0.451,0.46,0.7,0.9,0.769,0.2,1.1,1.3,3.2,0.4,0.1,0.7,1.5,4.7,Bad
Nikola Jović,PF,19.0,MIA,15.0,8.0,13.6,1.9,4.6,0.406,"0,406",0.5,2.3,0.229,1.3,2.3,0.588,0.464,1.2,1.3,0.947,0.6,1.5,2.1,0.7,0.5,0.1,0.7,1.3,5.5,Bad
Mfiondu Kabengele,PF,25.0,BOS,2.0,0.0,7.0,0.5,1.0,0.5,"0,500",0.0,0.5,0.0,0.5,0.5,0.001,0.5,0.0,0.0,,1.5,1.0,2.5,0.0,0.0,0.0,0.5,1.5,1.0,Bad
Frank Kaminsky,C,29.0,TOT,29.0,0.0,6.9,0.9,1.8,0.51,"0,510",0.4,0.9,0.423,0.5,0.9,0.6,0.618,0.5,0.6,0.875,0.1,1.2,1.4,0.9,0.2,0.1,0.3,0.8,2.7,Bad
Frank Kaminsky,C,29.0,ATL,26.0,0.0,6.8,1.0,1.7,0.568,"0,568",0.4,0.9,0.478,0.5,0.8,0.667,0.693,0.4,0.5,0.833,0.1,1.3,1.4,0.8,0.2,0.0,0.3,0.8,2.7,Bad
Frank Kaminsky,C,29.0,HOU,3.0,0.0,8.0,0.3,2.3,0.143,"0,143",0.0,1.0,0.0,0.3,1.3,0.25,0.143,1.3,1.3,0.001,0.3,1.0,1.3,2.0,0.3,0.7,0.0,0.3,2.0,Bad
Trevor Keels,SG,19.0,NYK,1.0,0.0,1.0,0.0,1.0,0.0,"0,000",0.0,1.0,0.0,0.0,0.0,,0.0,0.0,0.0,,0.0,1.0,1.0,0.0,0.0,0.0,0.0,0.0,0.0,Bad
Luke Kennard,SG,26.0,TOT,38.0,11.0,20.8,2.8,5.9,0.465,"0,465",1.7,3.8,0.462,1.0,2.2,0.47,0.611,0.6,0.6,0.958,0.2,2.1,2.3,1.1,0.5,0.1,0.8,1.4,7.9,Bad
Luke Kennard,SG,26.0,LAC,35.0,11.0,20.7,2.8,6.0,0.464,"0,464",1.7,3.8,0.447,1.1,2.3,0.494,0.604,0.5,0.6,0.95,0.2,2.2,2.4,1.1,0.5,0.1,0.9,1.3,7.8,Bad
Luke Kennard,SG,26.0,MEM,3.0,0.0,22.3,2.3,5.0,0.467,"0,467",2.3,3.7,0.636,0.0,1.3,0.0,0.7,1.3,1.3,0.001,0.3,1.3,1.7,1.7,0.0,0.0,0.0,2.0,8.3,Bad
Walker Kessler,C,21.0,UTA,59.0,25.0,21.6,3.6,5.0,0.712,"0,712",0.0,0.0,0.001,3.5,5.0,0.711,0.714,1.1,2.0,0.534,2.9,5.0,7.9,0.8,0.4,2.2,0.8,2.2,8.2,Bad
Braxton Key,SF,25.0,DET,3.0,0.0,3.0,0.3,0.3,0.001,"1,000",0.0,0.0,,0.3,0.3,0.001,0.001,0.7,0.7,0.001,0.0,0.3,0.3,0.0,0.0,0.0,0.0,0.0,1.3,Bad
Corey Kispert,SF,23.0,WAS,52.0,32.0,27.0,3.3,6.8,0.476,"0,476",1.8,4.5,0.408,1.4,2.3,0.607,0.61,1.0,1.1,0.864,0.4,2.3,2.7,1.2,0.6,0.1,0.8,1.3,9.3,Bad
Maxi Kleber,C,31.0,DAL,22.0,0.0,25.6,2.3,4.7,0.49,"0,490",1.1,3.0,0.369,1.2,1.8,0.692,0.606,0.5,0.6,0.786,0.9,2.7,3.5,1.0,0.3,1.0,0.6,2.2,6.2,Bad
Nathan Knight,PF,25.0,MIN,34.0,0.0,8.1,1.3,2.2,0.573,"0,573",0.2,0.6,0.381,1.0,1.6,0.648,0.627,1.1,1.6,0.679,0.6,0.9,1.5,0.4,0.3,0.2,0.6,1.1,3.8,Bad
Kevin Knox,PF-SF,23.0,TOT,46.0,1.0,13.3,1.8,4.0,0.464,"0,464",0.9,2.6,0.361,0.9,1.4,0.656,0.582,0.6,0.8,0.8,0.5,2.0,2.4,0.3,0.3,0.3,0.7,1.7,5.2,Bad
Kevin Knox,PF,23.0,DET,42.0,1.0,14.1,2.0,4.3,0.469,"0,469",1.0,2.8,0.371,1.0,1.5,0.651,0.589,0.6,0.8,0.788,0.5,2.1,2.6,0.4,0.3,0.3,0.8,1.8,5.6,Bad
Kevin Knox,SF,23.0,POR,4.0,0.0,5.0,0.3,1.0,0.25,"0,250",0.0,0.8,0.0,0.3,0.3,0.001,0.25,0.5,0.5,0.001,0.5,0.5,1.0,0.0,0.0,0.0,0.0,1.3,1.0,Bad
Christian Koloko,C,22.0,TOR,46.0,19.0,14.4,1.3,2.7,0.484,"0,484",0.0,0.2,0.111,1.3,2.5,0.513,0.488,0.8,1.2,0.66,1.5,1.7,3.2,0.5,0.3,1.0,0.4,2.4,3.4,Bad
John Konchar,SG,26.0,MEM,51.0,22.0,22.1,2.2,5.0,0.439,"0,439",1.0,2.8,0.366,1.2,2.2,0.531,0.541,0.5,0.5,0.852,0.9,3.8,4.7,1.4,1.0,0.3,0.6,1.5,5.9,Bad
Furkan Korkmaz,SG,25.0,PHI,25.0,0.0,10.2,1.3,3.1,0.41,"0,410",0.5,1.4,0.343,0.8,1.7,0.465,0.487,0.8,1.2,0.655,0.2,0.9,1.2,0.7,0.2,0.1,0.6,0.4,3.8,Bad
Luke Kornet,C,27.0,BOS,53.0,0.0,11.6,1.6,2.3,0.697,"0,697",0.1,0.2,0.333,1.5,2.1,0.726,0.709,0.5,0.6,0.853,1.2,1.6,2.8,0.7,0.2,0.8,0.4,1.3,3.8,Bad
Vit Krejci,PG,22.0,ATL,22.0,0.0,5.5,0.5,1.3,0.379,"0,379",0.2,0.8,0.278,0.3,0.5,0.545,0.466,0.0,0.1,0.5,0.1,0.5,0.6,0.5,0.1,0.0,0.2,0.5,1.3,Bad
Jonathan Kuminga,PF,20.0,GSW,49.0,11.0,19.7,3.3,6.8,0.485,"0,485",0.7,2.1,0.327,2.6,4.7,0.557,0.536,1.3,1.9,0.66,0.9,2.2,3.1,1.9,0.5,0.4,1.5,2.3,8.5,Bad
Kyle Kuzma,PF,27.0,WAS,55.0,55.0,35.1,8.0,18.0,0.447,"0,447",2.5,7.7,0.331,5.5,10.3,0.534,0.518,2.6,3.6,0.717,0.9,6.5,7.5,3.9,0.5,0.5,3.0,2.4,21.2,Good
Anthony Lamb,SF,25.0,GSW,46.0,3.0,19.7,2.5,5.2,0.494,"0,494",1.3,3.4,0.387,1.2,1.8,0.695,0.62,0.7,0.9,0.721,0.9,2.5,3.4,1.7,0.5,0.3,1.0,2.4,7.1,Bad
Jock Landale,C,27.0,PHO,53.0,3.0,14.2,2.5,4.8,0.508,"0,508",0.3,1.5,0.234,2.1,3.4,0.626,0.543,1.3,1.7,0.775,1.8,2.4,4.1,0.9,0.3,0.5,0.9,1.8,6.5,Bad
Romeo Langford,SG,23.0,SAS,32.0,19.0,20.2,3.1,6.4,0.49,"0,490",0.4,1.4,0.283,2.7,4.9,0.551,0.522,0.8,1.2,0.649,1.4,1.4,2.9,1.3,0.5,0.3,0.7,1.7,7.4,Bad
Jake LaRavia,PF,21.0,MEM,31.0,0.0,12.5,1.1,2.8,0.391,"0,391",0.7,2.0,0.333,0.4,0.8,0.542,0.511,0.2,0.3,0.778,0.5,1.4,1.9,0.7,0.4,0.1,0.6,1.5,3.1,Bad
Zach LaVine,SG,27.0,CHI,57.0,57.0,35.8,8.4,17.8,0.472,"0,472",2.7,7.3,0.374,5.7,10.5,0.54,0.549,4.6,5.5,0.84,0.5,4.3,4.8,4.0,0.9,0.2,2.6,2.3,24.2,Good
A.J. Lawson,SG,22.0,TOT,13.0,0.0,4.8,1.0,2.0,0.5,"0,500",0.5,1.2,0.438,0.5,0.8,0.6,0.635,0.1,0.2,0.333,0.2,0.6,0.8,0.1,0.1,0.0,0.1,0.6,2.6,Bad
A.J. Lawson,SG,22.0,MIN,1.0,0.0,2.0,1.0,1.0,0.001,"1,000",0.0,0.0,,1.0,1.0,0.001,0.001,0.0,0.0,,0.0,1.0,1.0,0.0,0.0,0.0,0.0,1.0,2.0,Bad
A.J. Lawson,SG,22.0,DAL,12.0,0.0,5.1,1.0,2.1,0.48,"0,480",0.6,1.3,0.438,0.4,0.8,0.556,0.62,0.1,0.3,0.333,0.2,0.6,0.8,0.1,0.1,0.0,0.1,0.6,2.7,Bad
Damion Lee,SG,30.0,PHO,62.0,5.0,21.8,2.8,6.5,0.438,"0,438",1.6,3.6,0.438,1.2,2.8,0.437,0.561,1.5,1.6,0.909,0.5,2.7,3.2,1.5,0.5,0.1,1.1,1.6,8.7,Bad
Saben Lee,PG,23.0,TOT,20.0,0.0,14.7,1.9,4.2,0.44,"0,440",0.4,1.0,0.368,1.5,3.3,0.462,0.482,1.7,2.3,0.756,0.5,1.3,1.8,2.7,0.8,0.1,1.2,1.4,5.8,Bad
Saben Lee,PG,23.0,PHI,2.0,0.0,5.0,1.5,2.0,0.75,"0,750",0.0,0.5,0.0,1.5,1.5,0.001,0.75,0.0,0.0,,0.0,0.0,0.0,1.0,0.5,0.0,1.5,0.5,3.0,Bad
Saben Lee,PG,23.0,PHO,18.0,0.0,15.8,1.9,4.4,0.425,"0,425",0.4,1.0,0.389,1.5,3.4,0.435,0.469,1.9,2.5,0.756,0.6,1.4,2.0,2.9,0.8,0.1,1.1,1.4,6.1,Bad
Alex Len,C,29.0,SAC,14.0,1.0,3.4,0.4,0.7,0.5,"0,500",0.0,0.1,0.0,0.4,0.6,0.556,0.5,0.2,0.3,0.75,0.3,0.8,1.1,0.4,0.0,0.0,0.4,0.7,0.9,Bad
Kawhi Leonard,SF,31.0,LAC,36.0,34.0,32.9,8.4,16.4,0.51,"0,510",1.8,4.5,0.405,6.6,11.9,0.55,0.566,4.4,5.1,0.869,1.2,5.0,6.1,4.0,1.4,0.6,1.5,1.6,23.0,Good
Meyers Leonard,C,30.0,MIL,2.0,0.0,10.0,1.0,2.5,0.4,"0,400",1.0,2.0,0.5,0.0,0.5,0.0,0.6,1.0,1.0,0.001,1.0,2.0,3.0,0.0,0.5,0.0,0.5,1.5,4.0,Bad
Caris LeVert,SG,28.0,CLE,58.0,26.0,30.0,4.2,10.1,0.411,"0,411",1.5,4.2,0.36,2.7,5.9,0.446,0.485,1.8,2.5,0.72,0.7,3.2,3.9,4.0,0.8,0.2,1.6,2.2,11.6,Bad
Kira Lewis Jr.,PG,21.0,NOP,15.0,0.0,10.6,2.0,4.1,0.492,"0,492",0.7,1.5,0.455,1.3,2.6,0.513,0.574,0.9,1.0,0.933,0.3,1.7,1.9,1.0,0.3,0.1,0.5,1.1,5.6,Bad
Damian Lillard,PG,32.0,POR,47.0,47.0,36.3,9.7,20.6,0.472,"0,472",4.3,11.4,0.381,5.4,9.2,0.583,0.577,8.5,9.2,0.919,0.6,3.7,4.3,7.2,0.8,0.3,3.2,1.9,32.3,Good
Nassir Little,SF,22.0,POR,39.0,2.0,17.3,2.4,5.0,0.48,"0,480",1.2,2.8,0.426,1.2,2.3,0.545,0.597,0.6,0.9,0.657,0.5,2.2,2.6,1.0,0.4,0.4,0.5,1.1,6.6,Bad
Isaiah Livers,PF,24.0,DET,40.0,10.0,21.0,1.9,4.6,0.407,"0,407",1.3,3.5,0.369,0.6,1.0,0.537,0.549,0.6,0.7,0.786,0.5,1.8,2.3,0.6,0.5,0.6,0.6,1.9,5.6,Bad
Kenneth Lofton Jr.,PF,20.0,MEM,9.0,0.0,3.9,0.9,2.2,0.4,"0,400",0.0,0.4,0.0,0.9,1.8,0.5,0.4,0.3,0.6,0.6,0.1,0.4,0.6,0.6,0.1,0.0,0.2,0.6,2.1,Bad
Kevon Looney,C,26.0,GSW,61.0,54.0,23.5,2.9,4.4,0.659,"0,659",0.0,0.0,,2.9,4.4,0.659,0.659,1.1,1.8,0.607,3.1,6.0,9.1,2.5,0.5,0.6,0.5,2.9,6.9,Bad
Brook Lopez,C,34.0,MIL,59.0,59.0,30.4,5.6,11.0,0.509,"0,509",1.8,4.9,0.372,3.8,6.1,0.619,0.592,1.7,2.2,0.766,2.0,4.7,6.6,1.2,0.5,2.4,1.4,2.5,14.7,Bad
Robin Lopez,C,34.0,CLE,32.0,1.0,7.7,1.2,1.8,0.655,"0,655",0.1,0.1,0.667,1.1,1.7,0.655,0.672,0.4,0.5,0.75,0.6,0.7,1.3,0.4,0.0,0.1,0.7,1.0,2.8,Bad
Kevin Love,PF,34.0,TOT,44.0,6.0,20.2,2.7,7.0,0.383,"0,383",1.7,4.9,0.346,1.0,2.1,0.468,0.503,1.3,1.5,0.892,1.0,5.9,7.0,1.9,0.2,0.2,1.1,1.6,8.4,Bad
Kevin Love,PF,34.0,CLE,41.0,3.0,20.0,2.7,7.0,0.389,"0,389",1.7,4.8,0.354,1.0,2.2,0.467,0.511,1.4,1.5,0.889,1.0,5.8,6.8,1.9,0.2,0.2,1.1,1.6,8.5,Bad
Kevin Love,PF,34.0,MIA,3.0,3.0,23.0,2.3,7.7,0.304,"0,304",1.7,6.3,0.263,0.7,1.3,0.5,0.413,0.7,0.7,0.001,1.0,7.7,8.7,2.7,0.7,0.7,0.3,2.0,7.0,Bad
Kyle Lowry,PG,36.0,MIA,44.0,44.0,33.3,3.8,9.7,0.396,"0,396",2.0,6.1,0.333,1.8,3.6,0.503,0.501,2.3,2.7,0.855,0.9,3.5,4.3,5.3,1.1,0.4,2.0,2.8,12.0,Bad
Trey Lyles,PF,27.0,SAC,54.0,0.0,16.2,2.5,5.3,0.476,"0,476",1.1,3.0,0.368,1.4,2.3,0.618,0.58,1.3,1.6,0.812,0.9,2.7,3.6,0.9,0.4,0.4,0.8,1.2,7.4,Bad
Théo Maledon,PG,21.0,CHO,36.0,1.0,16.1,1.8,4.4,0.414,"0,414",0.6,1.8,0.333,1.2,2.6,0.468,0.481,1.4,1.6,0.875,0.3,2.1,2.4,2.4,0.8,0.2,1.0,1.0,5.6,Bad
Sandro Mamukelashvili,C,23.0,MIL,24.0,0.0,9.0,0.8,2.4,0.328,"0,328",0.3,1.3,0.219,0.5,1.1,0.462,0.388,0.5,0.8,0.667,0.8,1.6,2.3,0.7,0.2,0.2,0.4,0.8,2.4,Bad
Terance Mann,SG,26.0,LAC,62.0,35.0,23.5,3.5,6.8,0.525,"0,525",1.0,2.5,0.392,2.6,4.3,0.602,0.597,1.1,1.4,0.775,1.0,2.8,3.7,2.2,0.5,0.3,0.9,1.9,9.2,Bad
Tre Mann,PG,21.0,OKC,54.0,4.0,18.2,3.0,7.8,0.389,"0,389",1.3,4.1,0.309,1.8,3.7,0.477,0.47,0.5,0.7,0.7,0.4,1.9,2.3,1.6,0.6,0.2,0.9,1.5,7.9,Bad
Boban Marjanović,C,34.0,HOU,20.0,0.0,4.5,1.3,1.9,0.676,"0,676",0.0,0.1,0.0,1.3,1.8,0.694,0.676,0.8,1.1,0.762,0.6,1.1,1.6,0.2,0.1,0.1,0.3,0.2,3.3,Bad
Lauri Markkanen,SF,25.0,UTA,56.0,56.0,34.4,8.5,16.6,0.513,"0,513",3.0,7.4,0.408,5.5,9.2,0.599,0.605,5.1,5.8,0.883,1.8,6.7,8.5,1.8,0.6,0.6,1.9,2.1,25.2,Good
Naji Marshall,SF,25.0,NOP,57.0,19.0,24.6,3.3,7.8,0.428,"0,428",1.0,3.1,0.311,2.4,4.7,0.506,0.49,1.8,2.4,0.778,0.7,3.0,3.7,2.5,0.8,0.2,1.2,1.5,9.5,Bad
Caleb Martin,PF,27.0,MIA,52.0,49.0,30.1,3.8,8.3,0.453,"0,453",1.3,3.6,0.362,2.4,4.7,0.525,0.533,1.3,1.6,0.774,1.3,3.8,5.2,1.6,1.0,0.4,1.1,2.1,10.1,Bad
Cody Martin,SF,27.0,CHO,7.0,0.0,19.1,2.0,5.1,0.389,"0,389",0.4,2.0,0.214,1.6,3.1,0.5,0.431,0.6,1.0,0.571,1.1,2.3,3.4,1.6,0.6,0.1,0.3,1.9,5.0,Bad
Kenyon Martin Jr.,SF,22.0,HOU,60.0,27.0,26.6,4.6,8.3,0.559,"0,559",0.9,2.7,0.319,3.8,5.6,0.674,0.611,1.7,2.6,0.658,1.5,4.1,5.6,1.6,0.5,0.4,1.2,1.8,11.8,Bad
Tyrese Martin,SG,23.0,ATL,13.0,0.0,3.5,0.5,1.2,0.375,"0,375",0.1,0.4,0.2,0.4,0.8,0.455,0.406,0.2,0.2,0.001,0.2,0.3,0.5,0.0,0.1,0.0,0.1,0.2,1.2,Bad
Garrison Mathews,SG,26.0,TOT,47.0,0.0,12.9,1.3,3.6,0.357,"0,357",1.1,3.3,0.346,0.1,0.3,0.467,0.515,0.9,1.0,0.911,0.2,1.1,1.3,0.5,0.5,0.1,0.4,1.2,4.6,Bad
Garrison Mathews,SG,26.0,HOU,45.0,0.0,13.4,1.3,3.8,0.353,"0,353",1.2,3.4,0.342,0.2,0.3,0.467,0.509,0.9,1.0,0.911,0.2,1.2,1.4,0.5,0.5,0.1,0.4,1.2,4.8,Bad
Garrison Mathews,SG,26.0,ATL,2.0,0.0,3.0,0.5,0.5,0.001,"1,000",0.5,0.5,0.001,0.0,0.0,,0.0015,0.0,0.0,,0.0,0.5,0.5,0.0,0.0,0.0,0.0,0.0,1.5,Bad
Bennedict Mathurin,SF,20.0,IND,62.0,6.0,28.3,5.5,12.7,0.43,"0,430",1.4,4.3,0.325,4.1,8.4,0.485,0.485,4.9,5.9,0.828,1.1,3.0,4.1,1.5,0.6,0.1,1.8,2.1,17.3,Bad
Wesley Matthews,SG,36.0,MIL,39.0,0.0,15.6,1.0,3.0,0.331,"0,331",0.8,2.4,0.326,0.2,0.6,0.348,0.462,0.4,0.5,0.85,0.8,1.5,2.2,0.5,0.4,0.3,0.4,1.4,3.2,Bad
Tyrese Maxey,SG,22.0,PHI,41.0,22.0,32.5,7.0,15.5,0.452,"0,452",2.3,5.9,0.384,4.8,9.6,0.494,0.525,3.1,3.9,0.811,0.4,2.3,2.8,3.5,0.8,0.1,1.4,2.2,19.5,Bad
Miles McBride,PG,22.0,NYK,49.0,2.0,12.2,1.1,3.3,0.335,"0,335",0.6,2.1,0.286,0.5,1.2,0.424,0.427,0.4,0.7,0.688,0.2,0.7,0.9,1.1,0.5,0.0,0.4,0.9,3.3,Bad
CJ McCollum,SG,31.0,NOP,55.0,55.0,35.0,7.9,18.1,0.434,"0,434",2.8,7.4,0.377,5.1,10.7,0.474,0.511,2.4,3.1,0.788,0.8,3.5,4.3,5.9,0.9,0.6,2.6,2.0,21.0,Good
T.J. McConnell,PG,30.0,IND,59.0,6.0,19.5,3.3,6.3,0.523,"0,523",0.3,0.7,0.419,3.0,5.6,0.536,0.547,0.7,0.8,0.854,0.6,2.4,2.9,5.0,1.0,0.1,1.8,1.3,7.6,Bad
Jaden McDaniels,PF,22.0,MIN,60.0,60.0,30.6,4.5,8.7,0.516,"0,516",1.3,3.3,0.385,3.2,5.4,0.596,0.589,1.2,1.7,0.733,1.3,2.6,3.9,2.0,1.0,1.0,1.4,3.5,11.4,Bad
Jalen McDaniels,SF,25.0,TOT,62.0,21.0,25.6,3.7,8.3,0.448,"0,448",1.1,3.3,0.325,2.6,5.0,0.529,0.513,1.5,1.8,0.829,0.8,3.9,4.7,1.9,1.1,0.5,1.3,2.8,10.0,Bad
Jalen McDaniels,SF,25.0,CHO,56.0,21.0,26.7,3.9,8.8,0.447,"0,447",1.2,3.6,0.322,2.8,5.2,0.534,0.513,1.6,1.9,0.846,0.8,4.0,4.8,2.0,1.2,0.5,1.4,2.8,10.6,Bad
Jalen McDaniels,SF,25.0,PHI,6.0,0.0,16.0,1.7,3.7,0.455,"0,455",0.3,0.7,0.5,1.3,3.0,0.444,0.5,0.7,1.2,0.571,1.3,2.3,3.7,1.0,0.5,0.0,0.2,2.2,4.3,Bad
Doug McDermott,SF,31.0,SAS,53.0,0.0,20.5,3.6,7.9,0.459,"0,459",1.8,4.4,0.409,1.8,3.5,0.525,0.574,0.7,1.0,0.745,0.3,1.8,2.2,1.5,0.2,0.1,0.9,1.8,9.8,Bad
JaVale McGee,C,35.0,DAL,36.0,7.0,8.1,1.8,2.9,0.604,"0,604",0.0,0.1,0.25,1.8,2.8,0.618,0.608,0.5,0.9,0.563,0.8,1.8,2.6,0.3,0.1,0.6,0.9,1.2,4.1,Bad
Bryce McGowens,SG,20.0,CHO,27.0,1.0,14.3,1.3,3.5,0.379,"0,379",0.4,1.2,0.364,0.9,2.3,0.387,0.442,0.8,1.0,0.786,0.3,1.3,1.7,1.0,0.3,0.1,0.6,0.8,3.9,Bad
Rodney McGruder,SG,31.0,DET,22.0,3.0,11.3,1.0,2.9,0.365,"0,365",0.8,2.0,0.378,0.3,0.8,0.333,0.5,0.4,0.6,0.692,0.5,0.9,1.4,0.7,0.3,0.0,0.3,0.7,3.3,Bad
Jordan McLaughlin,PG,26.0,MIN,26.0,0.0,15.2,1.3,3.3,0.412,"0,412",0.4,1.7,0.227,1.0,1.6,0.61,0.471,0.3,0.4,0.9,0.5,1.1,1.6,3.1,0.8,0.1,0.8,0.5,3.4,Bad
De'Anthony Melton,PG,24.0,PHI,57.0,48.0,28.2,3.7,8.7,0.424,"0,424",2.1,5.3,0.398,1.6,3.4,0.464,0.545,0.8,1.1,0.783,0.9,3.1,4.1,2.6,1.6,0.5,1.4,2.5,10.4,Bad
Chimezie Metu,C,25.0,SAC,47.0,0.0,11.1,2.1,3.4,0.609,"0,609",0.2,0.7,0.258,1.9,2.8,0.692,0.634,0.7,0.9,0.78,0.8,2.4,3.2,0.7,0.3,0.3,0.6,1.4,5.0,Bad
Khris Middleton,SF,31.0,MIL,19.0,7.0,21.4,4.8,11.5,0.417,"0,417",1.4,4.7,0.289,3.4,6.7,0.508,0.477,2.4,2.6,0.92,0.7,3.4,4.2,4.1,0.6,0.2,2.1,2.2,13.4,Bad
Patty Mills,PG,34.0,BRK,36.0,1.0,13.3,2.0,4.9,0.412,"0,412",1.2,3.2,0.368,0.9,1.8,0.492,0.531,0.5,0.6,0.905,0.2,0.8,1.0,1.3,0.4,0.1,0.6,0.8,5.8,Bad
Shake Milton,SG,26.0,PHI,56.0,9.0,20.7,3.3,6.8,0.493,"0,493",0.7,1.9,0.383,2.6,4.9,0.537,0.547,1.4,1.6,0.846,0.5,2.1,2.6,2.9,0.3,0.2,1.3,1.6,8.8,Bad
Josh Minott,SF,20.0,MIN,11.0,0.0,6.2,1.3,2.5,0.519,"0,519",0.1,0.4,0.25,1.2,2.1,0.565,0.537,0.5,0.5,0.001,0.5,1.5,2.0,0.3,0.3,0.5,0.0,0.6,3.2,Bad
Davion Mitchell,PG,24.0,SAC,59.0,5.0,17.8,2.2,4.9,0.447,"0,447",0.8,2.3,0.326,1.4,2.6,0.556,0.524,0.3,0.4,0.8,0.2,1.1,1.3,2.2,0.5,0.2,0.8,1.4,5.5,Bad
Donovan Mitchell,SG,26.0,CLE,53.0,53.0,35.4,9.5,19.8,0.479,"0,479",3.7,9.4,0.389,5.8,10.4,0.561,0.571,4.5,5.2,0.876,0.9,3.1,4.0,4.8,1.5,0.4,2.7,2.4,27.2,Good
Evan Mobley,PF,21.0,CLE,62.0,62.0,34.1,6.5,11.9,0.552,"0,552",0.3,1.3,0.22,6.3,10.5,0.594,0.565,2.6,3.7,0.696,2.3,6.5,8.8,2.7,0.8,1.3,2.0,2.9,16.0,Bad
Isaiah Mobley,PF,23.0,CLE,9.0,0.0,2.9,0.4,0.9,0.5,"0,500",0.1,0.2,0.5,0.3,0.7,0.5,0.563,0.0,0.0,,0.1,1.1,1.2,0.0,0.1,0.0,0.0,0.2,1.0,Bad
Chima Moneke,SF,27.0,SAC,2.0,0.0,4.0,0.5,1.0,0.5,"0,500",0.0,0.0,,0.5,1.0,0.5,0.5,0.0,1.0,0.0,1.0,0.0,1.0,0.5,0.0,0.0,1.0,1.0,1.0,Bad
Malik Monk,SG,24.0,SAC,57.0,0.0,22.8,4.9,10.8,0.455,"0,455",1.8,5.2,0.344,3.1,5.6,0.558,0.537,2.4,2.7,0.901,0.5,2.1,2.6,3.8,0.6,0.2,2.0,1.6,14.0,Bad
Moses Moody,SG,20.0,GSW,47.0,3.0,13.9,1.7,3.9,0.434,"0,434",0.8,2.4,0.333,0.9,1.4,0.603,0.538,0.7,0.9,0.727,0.4,1.2,1.6,0.9,0.3,0.1,0.6,0.8,4.9,Bad
Wendell Moore Jr.,SG,21.0,MIN,24.0,2.0,5.8,0.6,1.5,0.405,"0,405",0.1,0.7,0.125,0.5,0.9,0.619,0.432,0.2,0.2,0.8,0.1,0.6,0.7,0.7,0.3,0.2,0.3,0.5,1.5,Bad
Ja Morant,PG,23.0,MEM,50.0,50.0,32.6,9.6,20.7,0.463,"0,463",1.6,5.2,0.317,7.9,15.5,0.512,0.502,6.2,8.4,0.741,1.1,4.8,5.9,8.1,1.1,0.3,3.5,1.7,27.0,Good
Marcus Morris,PF,33.0,LAC,55.0,55.0,28.7,4.5,10.5,0.432,"0,432",1.9,5.1,0.375,2.6,5.4,0.485,0.522,1.2,1.5,0.78,0.4,3.7,4.1,1.8,0.6,0.4,0.9,2.2,12.2,Bad
Markieff Morris,PF,33.0,TOT,28.0,1.0,10.5,1.2,3.0,0.405,"0,405",0.8,1.8,0.412,0.5,1.2,0.394,0.53,0.4,0.4,0.001,0.5,1.6,2.1,0.9,0.3,0.2,0.5,1.3,3.5,Bad
Markieff Morris,PF,33.0,BRK,27.0,1.0,10.6,1.2,3.0,0.402,"0,402",0.7,1.8,0.408,0.5,1.2,0.394,0.524,0.4,0.4,0.001,0.5,1.7,2.2,0.9,0.3,0.2,0.5,1.2,3.6,Bad
Markieff Morris,PF,33.0,DAL,1.0,0.0,9.0,1.0,2.0,0.5,"0,500",1.0,2.0,0.5,0.0,0.0,,0.75,0.0,0.0,,0.0,0.0,0.0,0.0,1.0,0.0,1.0,3.0,3.0,Bad
Monte Morris,PG,27.0,WAS,51.0,51.0,28.1,4.0,8.2,0.483,"0,483",1.4,3.3,0.406,2.6,4.9,0.536,0.565,1.1,1.3,0.806,0.4,3.0,3.4,5.3,0.7,0.2,1.0,1.4,10.4,Bad
Trey Murphy III,SF,22.0,NOP,59.0,46.0,29.1,4.4,9.2,0.475,"0,475",2.1,5.5,0.389,2.2,3.7,0.603,0.591,1.8,2.0,0.908,0.8,2.8,3.6,1.3,1.0,0.5,0.8,2.0,12.7,Bad
Dejounte Murray,SG,26.0,ATL,56.0,56.0,36.4,8.4,18.1,0.467,"0,467",2.1,5.6,0.367,6.4,12.4,0.512,0.524,2.0,2.4,0.837,0.7,4.8,5.5,6.1,1.5,0.3,2.3,1.4,20.9,Good
Jamal Murray,PG,25.0,DEN,48.0,48.0,32.6,7.3,16.1,0.451,"0,451",2.4,6.3,0.384,4.8,9.8,0.494,0.526,3.0,3.6,0.827,0.8,3.3,4.1,6.0,1.0,0.2,2.1,1.4,19.9,Bad
Keegan Murray,SF,22.0,SAC,58.0,56.0,29.7,4.3,9.7,0.447,"0,447",2.5,6.0,0.414,1.8,3.7,0.502,0.576,0.9,1.1,0.8,1.1,3.4,4.6,1.1,0.8,0.6,0.8,1.9,12.0,Bad
Mike Muscala,C,31.0,TOT,47.0,6.0,15.1,2.2,5.0,0.445,"0,445",1.4,3.6,0.395,0.8,1.5,0.565,0.585,0.7,0.9,0.78,0.5,2.7,3.2,0.9,0.3,0.4,0.3,1.7,6.6,Bad
Mike Muscala,C,31.0,OKC,43.0,5.0,14.5,2.1,4.7,0.438,"0,438",1.3,3.3,0.394,0.8,1.4,0.541,0.576,0.7,0.9,0.795,0.5,2.6,3.1,0.9,0.3,0.4,0.3,1.6,6.2,Bad
Mike Muscala,C,31.0,BOS,4.0,1.0,22.0,4.0,8.3,0.485,"0,485",2.5,6.3,0.4,1.5,2.0,0.75,0.636,0.3,0.5,0.5,0.3,3.5,3.8,0.5,0.3,0.5,0.5,2.0,10.8,Bad
Svi Mykhailiuk,SF,25.0,TOT,15.0,0.0,4.7,0.7,1.7,0.44,"0,440",0.5,1.1,0.5,0.2,0.6,0.333,0.6,0.2,0.4,0.5,0.1,0.5,0.6,0.1,0.1,0.0,0.3,0.2,2.2,Bad
Svi Mykhailiuk,SF,25.0,NYK,13.0,0.0,3.1,0.5,0.9,0.5,"0,500",0.5,0.8,0.6,0.0,0.2,0.0,0.75,0.2,0.4,0.6,0.0,0.5,0.5,0.1,0.1,0.0,0.2,0.1,1.6,Bad
Svi Mykhailiuk,SF,25.0,CHO,2.0,0.0,15.5,2.5,6.5,0.385,"0,385",1.0,3.0,0.333,1.5,3.5,0.429,0.462,0.0,0.5,0.0,0.5,0.5,1.0,0.5,0.0,0.0,1.0,1.0,6.0,Bad
Larry Nance Jr.,PF,30.0,NOP,50.0,1.0,22.3,3.2,5.3,0.616,"0,616",0.3,0.8,0.342,3.0,4.5,0.662,0.641,1.0,1.4,0.676,1.8,4.1,5.9,1.9,0.9,0.7,0.7,2.1,7.7,Bad
Andrew Nembhard,SG,23.0,IND,55.0,43.0,26.9,3.2,7.6,0.422,"0,422",1.2,3.5,0.34,2.0,4.1,0.493,0.501,0.5,0.5,0.867,0.5,2.2,2.7,4.1,1.0,0.2,1.7,2.6,8.1,Bad
Aaron Nesmith,SF,23.0,IND,55.0,43.0,24.6,3.3,8.0,0.416,"0,416",1.5,4.2,0.349,1.9,3.8,0.49,0.508,1.6,1.8,0.87,0.8,2.9,3.8,1.2,0.8,0.4,0.9,3.4,9.7,Bad
Raul Neto,PG,30.0,CLE,41.0,1.0,10.2,1.1,2.2,0.517,"0,517",0.3,0.9,0.333,0.8,1.3,0.642,0.584,0.6,0.6,0.92,0.2,0.8,1.0,1.4,0.4,0.1,0.3,0.9,3.1,Bad
Georges Niang,PF,29.0,PHI,58.0,0.0,19.4,3.0,6.7,0.442,"0,442",2.1,5.2,0.401,0.9,1.6,0.578,0.596,0.5,0.6,0.875,0.3,2.1,2.4,1.1,0.4,0.2,0.7,1.9,8.5,Bad
Daishen Nix,PG,20.0,HOU,43.0,5.0,16.0,1.4,4.0,0.349,"0,349",0.8,2.5,0.315,0.6,1.5,0.406,0.448,0.5,0.7,0.71,0.3,1.4,1.7,2.5,0.7,0.1,1.4,1.0,4.1,Bad
Zeke Nnaji,PF,22.0,DEN,44.0,5.0,13.3,2.0,3.5,0.572,"0,572",0.3,1.0,0.289,1.7,2.4,0.692,0.615,0.8,1.2,0.667,1.3,1.0,2.3,0.3,0.3,0.4,0.5,1.8,5.1,Bad
Nerlens Noel,C,28.0,DET,14.0,3.0,10.9,0.9,2.1,0.4,"0,400",0.1,0.1,0.5,0.8,2.0,0.393,0.417,0.5,0.7,0.7,0.5,2.1,2.6,0.5,0.9,0.6,0.6,1.8,2.3,Bad
Jaylen Nowell,SG,23.0,MIN,62.0,2.0,19.5,4.3,9.7,0.446,"0,446",1.1,3.6,0.293,3.2,6.0,0.537,0.501,1.2,1.6,0.784,0.5,2.1,2.6,2.0,0.6,0.1,1.0,1.5,10.9,Bad
Frank Ntilikina,PG,24.0,DAL,38.0,3.0,12.2,0.9,2.6,0.347,"0,347",0.3,1.4,0.208,0.6,1.2,0.511,0.403,0.4,0.6,0.636,0.2,1.2,1.3,1.2,0.3,0.1,0.7,1.3,2.4,Bad
Kendrick Nunn,SG-PG,27.0,TOT,52.0,2.0,14.5,2.7,6.5,0.42,"0,420",1.1,3.2,0.337,1.7,3.3,0.5,0.503,0.5,0.6,0.839,0.2,1.3,1.6,1.3,0.4,0.1,0.9,0.9,7.0,Bad
Kendrick Nunn,SG,27.0,LAL,39.0,2.0,13.5,2.6,6.4,0.406,"0,406",1.1,3.2,0.325,1.6,3.2,0.488,0.488,0.4,0.5,0.81,0.1,1.3,1.4,0.9,0.3,0.1,0.8,0.9,6.7,Bad
Kendrick Nunn,PG,27.0,WAS,13.0,0.0,17.5,3.1,6.7,0.46,"0,460",1.2,3.1,0.375,1.9,3.6,0.532,0.546,0.7,0.8,0.9,0.5,1.5,2.0,2.5,0.6,0.0,1.2,1.1,8.0,Bad
Jusuf Nurkić,C,28.0,POR,45.0,45.0,27.3,5.2,9.8,0.524,"0,524",0.9,2.2,0.39,4.3,7.6,0.563,0.568,2.6,3.8,0.686,2.3,7.2,9.4,2.9,0.9,0.9,2.4,3.6,13.8,Bad
Jordan Nwora,SF,24.0,TOT,42.0,3.0,15.8,2.1,5.4,0.39,"0,390",1.0,2.8,0.379,1.1,2.7,0.402,0.487,0.9,1.1,0.826,0.7,2.4,3.2,1.1,0.4,0.2,0.9,0.9,6.2,Bad
Jordan Nwora,SF,24.0,MIL,38.0,3.0,15.7,2.0,5.2,0.386,"0,386",1.1,2.7,0.392,0.9,2.5,0.379,0.487,1.0,1.1,0.86,0.8,2.3,3.1,1.0,0.3,0.2,0.9,0.9,6.0,Bad
Jordan Nwora,SF,24.0,IND,4.0,0.0,16.5,3.3,7.8,0.419,"0,419",1.0,3.5,0.286,2.3,4.3,0.529,0.484,0.3,0.8,0.333,0.5,3.5,4.0,2.3,0.8,0.0,0.8,0.5,7.8,Bad
Royce O'Neale,SF,29.0,BRK,57.0,52.0,33.0,3.1,7.9,0.395,"0,395",2.2,5.5,0.402,0.9,2.4,0.38,0.535,0.6,0.8,0.739,0.6,4.1,4.7,3.8,0.8,0.7,1.6,3.1,9.1,Bad
Chuma Okeke,SF,24.0,ORL,19.0,7.0,21.3,1.7,4.6,0.364,"0,364",0.9,3.2,0.295,0.7,1.4,0.519,0.466,0.8,1.1,0.762,1.1,3.0,4.1,1.4,0.6,0.5,0.5,1.8,5.2,Bad
Josh Okogie,SG,24.0,PHO,52.0,6.0,15.6,2.1,5.0,0.424,"0,424",0.8,2.2,0.345,1.4,2.8,0.486,0.5,1.5,2.2,0.699,1.5,1.8,3.3,1.2,0.7,0.4,0.9,1.5,6.6,Bad
Onyeka Okongwu,C,22.0,ATL,59.0,17.0,24.1,3.9,6.2,0.635,"0,635",0.0,0.1,0.2,3.9,6.1,0.641,0.636,1.5,2.1,0.746,2.6,4.7,7.4,1.0,0.7,1.3,1.0,3.3,9.4,Bad
Isaac Okoro,SF,22.0,CLE,64.0,34.0,21.2,2.3,4.6,0.491,"0,491",0.8,2.2,0.355,1.5,2.4,0.618,0.577,1.0,1.4,0.736,0.7,1.9,2.6,1.1,0.7,0.4,0.6,1.9,6.3,Bad
KZ Okpala,PF,23.0,SAC,35.0,3.0,7.1,0.5,1.1,0.421,"0,421",0.2,0.6,0.333,0.3,0.5,0.529,0.513,0.2,0.2,0.875,0.2,0.8,1.0,0.4,0.2,0.2,0.2,1.1,1.3,Bad
Victor Oladipo,SG,30.0,MIA,29.0,1.0,27.6,3.8,9.6,0.396,"0,396",1.4,4.7,0.292,2.4,4.9,0.496,0.468,1.5,2.0,0.754,0.4,2.9,3.3,3.7,1.6,0.2,1.9,2.4,10.4,Bad
Kelly Olynyk,C,31.0,UTA,50.0,50.0,28.2,4.0,8.1,0.495,"0,495",1.5,3.6,0.41,2.6,4.6,0.561,0.585,2.6,3.0,0.842,1.3,4.1,5.4,3.3,1.0,0.6,2.2,3.8,12.1,Bad
Eugene Omoruyi,SF,25.0,OKC,23.0,2.0,11.8,1.9,4.1,0.468,"0,468",0.3,1.3,0.258,1.6,2.7,0.571,0.511,0.7,1.2,0.607,1.0,1.3,2.3,0.5,0.6,0.0,0.7,2.0,4.9,Bad
Cedi Osman,SF,27.0,CLE,60.0,0.0,21.0,3.3,7.2,0.453,"0,453",1.4,4.1,0.348,1.8,3.1,0.591,0.552,1.0,1.5,0.659,0.3,2.0,2.3,1.6,0.5,0.1,0.7,1.6,8.9,Bad
Kelly Oubre Jr.,SF,27.0,CHO,38.0,30.0,31.9,7.3,17.2,0.423,"0,423",2.2,7.1,0.31,5.1,10.0,0.504,0.488,2.9,4.0,0.73,1.4,3.7,5.1,1.1,1.5,0.3,1.3,3.0,19.7,Bad
Chris Paul,PG,37.0,PHO,41.0,41.0,32.1,4.8,11.3,0.429,"0,429",1.6,4.1,0.376,3.3,7.1,0.459,0.498,2.6,3.2,0.817,0.4,3.8,4.2,8.9,1.5,0.4,2.1,2.2,13.8,Bad
Cameron Payne,PG,28.0,PHO,30.0,14.0,23.2,4.4,10.8,0.41,"0,410",1.7,4.5,0.381,2.7,6.3,0.432,0.489,1.3,1.8,0.736,0.3,2.0,2.4,4.9,0.9,0.2,2.0,2.1,11.9,Bad
Gary Payton II,PG,30.0,POR,15.0,1.0,17.0,1.6,2.7,0.585,"0,585",0.6,1.1,0.529,1.0,1.6,0.625,0.695,0.3,0.3,0.001,0.7,1.9,2.6,1.5,1.1,0.1,0.8,1.9,4.1,Bad
Theo Pinson,SG,27.0,DAL,33.0,0.0,7.2,0.6,1.8,0.339,"0,339",0.5,1.3,0.357,0.2,0.5,0.294,0.466,0.3,0.3,0.818,0.2,0.9,1.2,0.9,0.1,0.0,0.3,0.7,1.9,Bad
Scotty Pippen Jr.,PG,22.0,LAL,6.0,0.0,5.3,0.7,2.0,0.333,"0,333",0.2,0.5,0.333,0.5,1.5,0.333,0.375,0.8,1.5,0.556,0.3,0.3,0.7,0.3,0.3,0.2,0.3,0.5,2.3,Bad
Mason Plumlee,C,32.0,TOT,60.0,58.0,28.1,4.6,6.8,0.677,"0,677",0.0,0.0,,4.6,6.8,0.677,0.677,2.8,4.5,0.615,3.2,6.3,9.5,3.6,0.6,0.6,1.5,2.9,11.9,Bad
Mason Plumlee,C,32.0,CHO,56.0,56.0,28.5,4.7,7.1,0.669,"0,669",0.0,0.0,,4.7,7.1,0.669,0.669,2.8,4.6,0.605,3.3,6.3,9.7,3.7,0.6,0.6,1.6,2.9,12.2,Bad
Mason Plumlee,C,32.0,LAC,4.0,2.0,21.8,2.5,2.5,0.001,"1,000",0.0,0.0,,2.5,2.5,0.001,0.001,2.8,3.5,0.786,1.5,6.3,7.8,2.8,0.8,0.8,1.3,3.0,7.8,Bad
Jakob Poeltl,C,27.0,TOT,52.0,51.0,26.2,5.3,8.4,0.632,"0,632",0.0,0.0,0.0,5.3,8.4,0.633,0.632,1.7,2.9,0.586,3.3,5.8,9.1,3.0,0.9,1.2,1.9,2.7,12.3,Bad
Jakob Poeltl,C,27.0,SAS,46.0,46.0,26.1,5.2,8.4,0.616,"0,616",0.0,0.0,0.0,5.2,8.4,0.618,0.616,1.7,2.8,0.605,3.3,5.7,9.0,3.1,0.8,1.1,2.1,2.6,12.1,Bad
Jakob Poeltl,C,27.0,TOR,6.0,5.0,27.2,6.2,8.2,0.755,"0,755",0.0,0.0,,6.2,8.2,0.755,0.755,1.8,3.8,0.478,3.5,6.3,9.8,2.3,1.7,2.0,0.8,3.7,14.2,Bad
Aleksej Pokusevski,PF,21.0,OKC,31.0,25.0,21.8,3.5,7.8,0.44,"0,440",1.2,3.3,0.376,2.2,4.6,0.486,0.519,0.7,1.1,0.636,1.5,3.6,5.1,2.0,0.6,1.3,1.3,1.8,8.8,Bad
Jordan Poole,PG,23.0,GSW,61.0,38.0,30.7,7.0,16.1,0.432,"0,432",2.6,8.0,0.33,4.4,8.2,0.532,0.514,4.1,4.7,0.862,0.4,2.4,2.8,4.6,0.8,0.2,3.3,2.7,20.7,Good
Kevin Porter Jr.,PG,22.0,HOU,40.0,40.0,34.0,6.7,15.4,0.437,"0,437",2.2,6.4,0.346,4.5,9.0,0.501,0.509,3.5,4.6,0.766,1.4,4.1,5.5,5.6,1.3,0.4,3.6,2.7,19.2,Bad
Michael Porter Jr.,SF,24.0,DEN,45.0,45.0,29.3,6.3,13.1,0.48,"0,480",3.0,7.3,0.409,3.3,5.8,0.569,0.594,1.5,1.9,0.8,0.9,4.5,5.4,1.0,0.6,0.5,1.1,2.2,17.0,Bad
Otto Porter Jr.,SF,29.0,TOR,8.0,2.0,18.3,1.9,3.8,0.5,"0,500",0.8,2.1,0.353,1.1,1.6,0.692,0.6,1.0,1.0,0.001,0.8,1.6,2.4,1.0,1.4,0.0,0.5,0.9,5.5,Bad
Bobby Portis,PF,27.0,MIL,49.0,15.0,26.6,5.9,11.9,0.501,"0,501",1.2,3.6,0.339,4.7,8.3,0.57,0.552,1.3,1.6,0.844,2.6,7.4,10.0,1.8,0.4,0.2,1.2,1.7,14.4,Bad
Kristaps Porziņģis,C,27.0,WAS,51.0,51.0,32.6,7.4,15.2,0.487,"0,487",2.1,5.5,0.376,5.3,9.7,0.549,0.555,5.9,7.0,0.846,1.9,6.7,8.6,2.5,0.9,1.5,2.2,3.1,22.8,
Micah Potter,PF,24.0,UTA,3.0,0.0,4.7,0.7,0.7,0.001,"1,000",0.0,0.0,,0.7,0.7,0.001,0.001,0.0,0.0,,0.3,0.7,1.0,0.7,0.0,0.0,0.0,0.7,1.3,Bad
Dwight Powell,C,31.0,DAL,57.0,45.0,19.9,2.6,3.6,0.725,"0,725",0.0,0.1,0.0,2.6,3.5,0.736,0.725,1.6,2.4,0.691,2.1,2.3,4.4,0.8,0.7,0.4,0.9,2.9,6.8,Bad
Norman Powell,SG,29.0,LAC,52.0,7.0,25.9,5.7,11.7,0.484,"0,484",2.1,4.9,0.423,3.6,6.8,0.528,0.572,3.6,4.5,0.804,0.4,2.6,3.0,1.8,0.8,0.3,1.7,2.0,17.0,Bad
Jason Preston,PG,23.0,LAC,13.0,0.0,9.4,1.4,3.2,0.439,"0,439",0.4,1.4,0.278,1.0,1.8,0.565,0.5,0.0,0.2,0.0,0.2,1.5,1.7,2.1,0.2,0.0,0.8,0.5,3.2,Bad
Joshua Primo,SG,20.0,SAS,4.0,0.0,23.3,2.3,6.5,0.346,"0,346",0.8,3.0,0.25,1.5,3.5,0.429,0.404,1.8,2.3,0.778,0.5,2.8,3.3,4.5,0.3,0.5,2.8,2.0,7.0,Bad
Taurean Prince,SF,28.0,MIN,37.0,2.0,21.3,3.2,6.4,0.496,"0,496",1.4,3.4,0.397,1.8,3.0,0.609,0.602,0.8,1.0,0.833,0.3,2.1,2.4,1.6,0.5,0.4,1.2,2.4,8.5,Bad
Payton Pritchard,PG,25.0,BOS,43.0,2.0,12.5,1.8,4.5,0.402,"0,402",1.0,2.8,0.342,0.9,1.7,0.5,0.508,0.2,0.3,0.692,0.5,1.0,1.5,1.0,0.3,0.0,0.7,0.8,4.8,Bad
Trevelin Queen,SG,25.0,IND,7.0,0.0,10.0,1.0,4.1,0.241,"0,241",0.3,2.1,0.133,0.7,2.0,0.357,0.276,0.7,0.7,0.001,1.1,1.3,2.4,0.9,0.3,0.7,1.0,0.6,3.0,Bad
Neemias Queta,C,23.0,SAC,4.0,0.0,6.3,1.5,2.0,0.75,"0,750",0.0,0.0,,1.5,2.0,0.75,0.75,0.0,0.5,0.0,1.0,1.3,2.3,0.3,0.0,0.3,0.3,1.8,3.0,Bad
Immanuel Quickley,PG,23.0,NYK,62.0,10.0,27.8,4.5,10.2,0.442,"0,442",1.8,5.0,0.358,2.7,5.3,0.521,0.529,2.1,2.5,0.822,0.7,3.4,4.0,3.1,0.8,0.2,1.1,2.0,12.9,Bad
Julius Randle,PF,28.0,NYK,63.0,63.0,35.8,8.5,18.4,0.463,"0,463",2.8,8.1,0.345,5.7,10.3,0.556,0.539,5.3,7.0,0.758,2.1,8.4,10.5,4.1,0.7,0.3,2.8,3.0,25.1,Good
Austin Reaves,SG,24.0,LAL,43.0,12.0,27.7,3.4,6.8,0.502,"0,502",1.2,3.3,0.376,2.2,3.5,0.62,0.593,2.6,2.9,0.873,0.6,2.4,3.0,2.2,0.5,0.3,1.3,1.7,10.6,Bad
Cam Reddish,SF,23.0,TOT,25.0,13.0,22.9,3.3,7.4,0.451,"0,451",1.1,3.4,0.326,2.2,3.9,0.561,0.527,1.6,1.7,0.907,0.4,1.3,1.7,1.3,0.9,0.4,0.8,1.7,9.3,Bad
Cam Reddish,SF,23.0,NYK,20.0,8.0,21.9,3.1,6.8,0.449,"0,449",0.9,2.8,0.304,2.2,4.0,0.55,0.511,1.5,1.7,0.879,0.4,1.2,1.6,1.0,0.8,0.4,0.8,1.6,8.4,Bad
Cam Reddish,SF,23.0,POR,5.0,5.0,27.0,4.4,9.6,0.458,"0,458",2.2,6.0,0.367,2.2,3.6,0.611,0.573,2.0,2.0,0.001,0.6,1.8,2.4,2.6,1.6,0.2,1.2,2.2,13.0,Bad
Davon Reed,SG,27.0,TOT,38.0,1.0,8.8,0.7,2.2,0.329,"0,329",0.4,1.2,0.378,0.3,1.0,0.27,0.433,0.4,0.6,0.667,0.3,1.3,1.5,0.6,0.4,0.1,0.5,1.0,2.3,Bad
Davon Reed,SG,27.0,DEN,35.0,1.0,9.0,0.7,2.3,0.313,"0,313",0.5,1.3,0.364,0.3,1.0,0.25,0.413,0.4,0.6,0.75,0.3,1.3,1.6,0.5,0.4,0.1,0.6,1.0,2.3,Bad
Davon Reed,SG,27.0,LAL,3.0,0.0,6.0,0.7,0.7,0.001,"1,000",0.3,0.3,0.001,0.3,0.3,0.001,0.00125,0.3,1.3,0.25,0.3,0.7,1.0,0.7,0.3,0.0,0.0,0.3,2.0,Bad
Paul Reed,C,23.0,PHI,47.0,0.0,9.5,1.3,2.3,0.573,"0,573",0.0,0.1,0.0,1.3,2.3,0.594,0.573,0.4,0.5,0.75,1.2,1.9,3.1,0.3,0.6,0.6,0.6,1.8,3.1,Bad
Naz Reid,C,23.0,MIN,55.0,11.0,18.1,4.3,8.0,0.529,"0,529",1.0,3.1,0.329,3.2,4.9,0.658,0.594,1.1,1.6,0.667,1.1,3.7,4.9,1.1,0.6,0.9,1.3,2.5,10.6,Bad
Jared Rhoden,SG,23.0,DET,1.0,0.0,12.0,1.0,3.0,0.333,"0,333",0.0,1.0,0.0,1.0,2.0,0.5,0.333,0.0,0.0,,0.0,1.0,1.0,0.0,0.0,0.0,0.0,3.0,2.0,Bad
Nick Richards,C,25.0,CHO,48.0,0.0,17.4,3.0,4.9,0.607,"0,607",0.0,0.0,,3.0,4.9,0.607,0.607,2.1,2.8,0.733,2.4,3.4,5.8,0.5,0.2,1.0,0.8,2.3,8.0,Bad
Josh Richardson,SG,29.0,TOT,47.0,9.0,24.2,4.2,9.5,0.439,"0,439",1.7,4.9,0.349,2.5,4.6,0.535,0.529,1.3,1.5,0.861,0.7,2.1,2.8,3.2,1.2,0.3,1.5,1.9,11.4,Bad
Josh Richardson,SG,29.0,SAS,42.0,6.0,23.7,4.2,9.7,0.436,"0,436",1.8,4.9,0.357,2.5,4.7,0.518,0.527,1.3,1.4,0.883,0.7,2.1,2.8,3.3,1.0,0.3,1.5,1.7,11.5,Bad
Josh Richardson,SG,29.0,NOP,5.0,3.0,28.4,3.8,8.0,0.475,"0,475",1.2,4.4,0.273,2.6,3.6,0.722,0.55,1.8,2.4,0.75,0.2,2.2,2.4,2.8,3.2,0.6,1.2,3.8,10.6,Bad
Austin Rivers,SG,30.0,MIN,48.0,10.0,20.8,1.9,4.3,0.446,"0,446",0.9,2.5,0.355,1.0,1.7,0.578,0.551,0.6,0.8,0.769,0.1,1.6,1.7,1.5,0.6,0.1,0.5,1.7,5.3,Bad
Duncan Robinson,SF,28.0,MIA,31.0,0.0,17.7,2.2,6.1,0.356,"0,356",1.6,4.9,0.32,0.6,1.1,0.514,0.487,0.6,0.7,0.909,0.3,1.6,1.9,1.2,0.4,0.0,0.7,2.0,6.5,Bad
Mitchell Robinson,C,24.0,NYK,41.0,40.0,27.1,3.2,4.7,0.696,"0,696",0.0,0.0,,3.2,4.7,0.696,0.696,1.0,2.0,0.482,4.2,4.9,9.2,0.9,0.9,1.8,0.5,2.9,7.5,Bad
Orlando Robinson,C,22.0,MIA,29.0,1.0,13.7,1.6,3.0,0.535,"0,535",0.0,0.2,0.0,1.6,2.8,0.568,0.535,0.7,1.0,0.724,1.5,2.6,4.1,0.7,0.4,0.4,0.5,1.8,3.9,Bad
Jeremiah Robinson-Earl,PF,22.0,OKC,31.0,18.0,20.1,2.9,6.3,0.464,"0,464",1.0,2.8,0.341,2.0,3.5,0.565,0.541,0.9,1.1,0.794,1.8,2.8,4.5,1.0,0.7,0.4,0.5,1.7,7.7,Bad
Isaiah Roby,PF,24.0,SAS,42.0,2.0,11.3,1.6,3.7,0.432,"0,432",0.4,1.4,0.3,1.2,2.3,0.516,0.49,0.5,1.0,0.488,0.5,2.0,2.5,0.9,0.4,0.2,0.7,1.3,4.1,Bad
David Roddy,PF,21.0,MEM,48.0,1.0,17.4,2.4,5.7,0.421,"0,421",0.8,2.9,0.292,1.6,2.8,0.551,0.495,0.6,1.0,0.625,0.6,2.0,2.6,0.6,0.5,0.3,0.9,1.5,6.3,Bad
Ryan Rollins,PG,20.0,GSW,12.0,0.0,5.2,0.6,1.7,0.35,"0,350",0.3,0.8,0.333,0.3,0.9,0.364,0.425,0.5,0.5,0.001,0.3,0.8,1.0,0.5,0.1,0.1,1.3,0.8,1.9,Bad
Derrick Rose,PG,34.0,NYK,27.0,0.0,12.5,2.3,5.9,0.384,"0,384",0.7,2.3,0.302,1.6,3.6,0.438,0.443,0.4,0.4,0.917,0.3,1.2,1.5,1.7,0.3,0.2,0.8,0.7,5.6,Bad
Terrence Ross,SG,31.0,TOT,45.0,9.0,22.4,3.2,7.3,0.433,"0,433",1.5,3.9,0.373,1.7,3.4,0.503,0.534,0.4,0.5,0.727,0.2,1.9,2.2,1.3,0.6,0.2,0.8,1.4,8.1,Bad
Terrence Ross,SG,31.0,ORL,42.0,9.0,22.5,3.1,7.1,0.431,"0,431",1.5,3.8,0.381,1.6,3.3,0.489,0.533,0.4,0.5,0.75,0.2,1.8,2.0,1.3,0.6,0.2,0.9,1.3,8.0,Bad
Terrence Ross,SG,31.0,PHO,3.0,0.0,21.7,4.3,9.7,0.448,"0,448",1.7,5.7,0.294,2.7,4.0,0.667,0.534,0.3,0.7,0.5,0.3,3.7,4.0,2.0,0.3,0.0,0.0,2.7,10.7,Bad
Terry Rozier,SG,28.0,CHO,52.0,52.0,35.6,7.9,19.0,0.414,"0,414",2.7,8.1,0.329,5.2,10.9,0.478,0.484,2.9,3.6,0.827,0.9,3.3,4.2,4.8,1.1,0.3,2.1,1.9,21.4,Bad
Ricky Rubio,PG,32.0,CLE,16.0,0.0,16.7,1.7,5.5,0.307,"0,307",0.8,3.1,0.265,0.9,2.4,0.359,0.381,0.9,1.3,0.75,0.3,2.1,2.3,3.5,1.1,0.1,0.8,1.6,5.1,Bad
D'Angelo Russell,PG,26.0,TOT,58.0,58.0,32.4,6.2,13.3,0.464,"0,464",2.7,6.8,0.389,3.5,6.4,0.543,0.564,2.6,3.1,0.85,0.5,2.6,3.1,6.1,1.1,0.4,2.6,2.1,17.6,Bad
D'Angelo Russell,PG,26.0,MIN,54.0,54.0,32.9,6.3,13.5,0.465,"0,465",2.7,7.0,0.391,3.5,6.4,0.546,0.567,2.6,3.1,0.856,0.5,2.5,3.1,6.2,1.1,0.4,2.7,2.2,17.9,Bad
D'Angelo Russell,PG,26.0,LAL,4.0,4.0,24.8,4.8,10.8,0.442,"0,442",1.5,4.3,0.353,3.3,6.5,0.5,0.512,2.5,3.3,0.769,0.5,3.0,3.5,5.0,0.3,0.0,1.5,1.3,13.5,Bad
Matt Ryan,SF,25.0,TOT,32.0,0.0,9.5,1.3,3.3,0.374,"0,374",1.0,2.6,0.386,0.3,0.8,0.333,0.523,0.3,0.4,0.833,0.1,0.7,0.8,0.5,0.2,0.0,0.2,0.8,3.8,Bad
Matt Ryan,SF,25.0,LAL,12.0,0.0,10.8,1.3,4.1,0.306,"0,306",1.1,2.9,0.371,0.2,1.2,0.143,0.439,0.3,0.4,0.8,0.2,1.0,1.2,0.3,0.2,0.0,0.3,1.2,3.9,Bad
Matt Ryan,SF,25.0,MIN,20.0,0.0,8.7,1.3,2.9,0.431,"0,431",1.0,2.4,0.396,0.3,0.5,0.6,0.595,0.3,0.4,0.857,0.1,0.5,0.6,0.6,0.2,0.1,0.2,0.7,3.8,Bad
Domantas Sabonis,C,26.0,SAC,58.0,58.0,34.5,7.1,11.5,0.611,"0,611",0.4,1.2,0.348,6.6,10.3,0.642,0.629,4.2,5.5,0.767,3.0,9.4,12.4,6.9,0.9,0.4,3.0,3.7,18.7,Bad
Dario Šarić,PF,28.0,TOT,41.0,12.0,14.1,2.0,4.7,0.432,"0,432",0.7,1.9,0.39,1.3,2.8,0.461,0.51,1.0,1.2,0.843,1.0,2.7,3.7,1.5,0.3,0.1,1.0,1.9,5.8,Bad
Dario Šarić,PF,28.0,PHO,37.0,12.0,14.4,2.1,4.8,0.427,"0,427",0.7,1.9,0.391,1.3,2.9,0.45,0.503,1.0,1.2,0.818,1.1,2.8,3.8,1.5,0.4,0.1,1.0,1.9,5.8,Bad
Dario Šarić,PF,28.0,OKC,4.0,0.0,11.5,1.8,3.5,0.5,"0,500",0.8,2.0,0.375,1.0,1.5,0.667,0.607,1.8,1.8,0.001,0.8,2.0,2.8,0.8,0.3,0.0,1.5,1.8,6.0,Bad
Jordan Schakel,SF,24.0,WAS,2.0,0.0,3.0,0.5,1.0,0.5,"0,500",0.5,0.5,0.001,0.0,0.5,0.0,0.75,0.0,0.0,,0.0,0.0,0.0,0.5,0.5,0.0,0.0,0.5,1.5,Bad
Admiral Schofield,PF,25.0,ORL,28.0,0.0,12.6,1.6,3.3,0.478,"0,478",0.6,1.9,0.333,0.9,1.4,0.684,0.576,0.6,0.7,0.895,0.7,1.2,1.9,0.8,0.2,0.1,0.2,1.9,4.4,Bad
Dennis Schröder,PG,29.0,LAL,47.0,42.0,30.7,4.0,9.5,0.424,"0,424",1.2,3.4,0.342,2.9,6.1,0.47,0.485,3.2,3.7,0.873,0.3,2.3,2.5,4.3,0.7,0.1,1.6,2.2,12.5,Bad
Dereon Seabron,SG,22.0,NOP,5.0,0.0,2.4,0.4,1.0,0.4,"0,400",0.0,0.0,,0.4,1.0,0.4,0.4,0.0,0.0,,0.2,0.0,0.2,0.0,0.0,0.0,0.0,0.2,0.8,Bad
Alperen Şengün,C,20.0,HOU,55.0,52.0,28.1,5.9,10.6,0.554,"0,554",0.2,0.7,0.333,5.7,9.9,0.57,0.565,3.0,3.9,0.751,3.2,5.5,8.8,3.8,0.8,0.9,2.5,3.4,15.0,Bad
Collin Sexton,SG,24.0,UTA,47.0,15.0,24.0,4.9,9.7,0.507,"0,507",1.0,2.5,0.41,3.9,7.2,0.54,0.559,3.4,4.2,0.822,0.8,1.4,2.2,2.9,0.6,0.1,1.8,2.3,14.3,Bad
Landry Shamet,SG,25.0,PHO,30.0,7.0,21.4,3.1,8.1,0.38,"0,380",2.0,5.4,0.377,1.0,2.7,0.388,0.506,1.4,1.5,0.911,0.3,1.4,1.7,2.2,0.6,0.2,1.0,1.5,9.5,Bad
Day'Ron Sharpe,C,21.0,BRK,33.0,2.0,10.4,1.7,3.1,0.545,"0,545",0.1,0.2,0.667,1.5,2.9,0.537,0.564,0.5,0.8,0.593,1.7,2.2,3.8,0.8,0.2,0.5,0.9,1.9,3.9,Bad
Shaedon Sharpe,SG,19.0,POR,59.0,5.0,20.2,3.2,6.7,0.471,"0,471",1.0,2.8,0.347,2.2,3.9,0.561,0.544,0.5,0.8,0.667,0.8,1.7,2.5,0.6,0.4,0.3,0.7,1.6,7.9,Bad
Pascal Siakam,C,28.0,TOR,52.0,52.0,37.5,9.1,19.0,0.479,"0,479",1.4,4.1,0.349,7.6,14.8,0.515,0.517,5.7,7.5,0.768,1.8,5.9,7.7,6.1,0.8,0.6,2.5,3.3,25.3,Good
Chris Silva,PF,26.0,DAL,1.0,0.0,3.0,1.0,1.0,0.001,"1,000",0.0,0.0,,1.0,1.0,0.001,0.001,0.0,0.0,,0.0,0.0,0.0,0.0,0.0,0.0,1.0,2.0,2.0,Bad
Ben Simmons,PG,26.0,BRK,42.0,33.0,26.3,3.2,5.6,0.566,"0,566",0.0,0.0,0.0,3.2,5.5,0.571,0.566,0.6,1.4,0.439,1.0,5.3,6.3,6.1,1.3,0.6,2.3,3.3,6.9,Bad
Marko Simonovic,C,23.0,CHI,3.0,0.0,1.7,0.0,0.3,0.0,"0,000",0.0,0.3,0.0,0.0,0.0,,0.0,0.0,0.0,,0.0,0.0,0.0,0.0,0.0,0.0,0.0,0.3,0.0,Bad
Anfernee Simons,SG,23.0,POR,56.0,56.0,35.5,7.6,16.9,0.45,"0,450",3.5,9.2,0.381,4.1,7.8,0.532,0.553,2.6,2.9,0.913,0.3,2.4,2.7,4.2,0.7,0.2,2.2,2.4,21.4,Good
Jericho Sims,C,24.0,NYK,48.0,16.0,16.1,1.7,2.2,0.769,"0,769",0.0,0.0,0.0,1.7,2.1,0.777,0.769,0.3,0.3,0.75,1.9,2.9,4.8,0.5,0.3,0.6,0.5,1.9,3.6,Bad
Marcus Smart,PG,28.0,BOS,45.0,45.0,32.3,4.1,9.6,0.426,"0,426",1.8,5.3,0.329,2.3,4.3,0.547,0.517,1.4,1.8,0.768,0.7,2.8,3.5,6.8,1.4,0.4,2.4,2.6,11.3,Bad
Dennis Smith Jr.,PG,25.0,CHO,41.0,12.0,25.3,3.4,8.0,0.425,"0,425",0.4,1.9,0.218,3.0,6.1,0.49,0.451,1.3,1.7,0.761,0.4,2.3,2.7,4.4,1.4,0.4,1.5,2.2,8.5,Bad
Dru Smith,SG,25.0,TOT,8.0,1.0,12.1,1.3,2.9,0.435,"0,435",0.3,1.3,0.2,1.0,1.6,0.615,0.478,0.0,0.0,,0.1,1.8,1.9,1.3,1.0,0.4,0.3,1.6,2.8,Bad
Dru Smith,SG,25.0,MIA,5.0,1.0,13.4,1.0,2.8,0.357,"0,357",0.2,1.2,0.167,0.8,1.6,0.5,0.393,0.0,0.0,,0.2,1.6,1.8,1.0,0.8,0.6,0.2,2.0,2.2,Bad
Dru Smith,SG,25.0,BRK,3.0,0.0,10.0,1.7,3.0,0.556,"0,556",0.3,1.3,0.25,1.3,1.7,0.8,0.611,0.0,0.0,,0.0,2.0,2.0,1.7,1.3,0.0,0.3,1.0,3.7,Bad
Ish Smith,PG,34.0,DEN,31.0,0.0,10.2,1.4,3.2,0.424,"0,424",0.1,0.2,0.333,1.3,3.0,0.43,0.434,0.0,0.1,0.5,0.1,1.3,1.4,2.4,0.2,0.2,1.2,0.9,2.8,Bad
Jabari Smith Jr.,PF,19.0,HOU,57.0,57.0,30.1,4.2,10.9,0.384,"0,384",1.6,5.3,0.297,2.6,5.7,0.464,0.455,2.0,2.6,0.788,1.3,5.8,7.1,1.2,0.5,1.0,1.5,2.9,12.0,Bad
Jalen Smith,PF,22.0,IND,52.0,28.0,18.2,3.4,7.4,0.46,"0,460",0.8,2.9,0.276,2.6,4.4,0.58,0.514,1.5,1.9,0.76,1.8,3.8,5.6,0.9,0.3,0.8,1.1,2.1,9.0,Bad
Jeremy Sochan,PF,19.0,SAS,49.0,46.0,26.0,4.1,9.2,0.448,"0,448",0.6,2.3,0.261,3.6,7.0,0.509,0.48,1.3,1.9,0.695,1.7,3.2,4.9,2.5,0.7,0.4,1.7,2.5,10.2,Bad
Jaden Springer,SG,20.0,PHI,7.0,0.0,3.7,1.0,1.7,0.583,"0,583",0.0,0.0,,1.0,1.7,0.583,0.583,0.4,0.6,0.75,0.6,0.4,1.0,0.1,0.3,0.3,0.1,1.0,2.4,Bad
Lamar Stevens,PF,25.0,CLE,45.0,18.0,17.4,2.0,4.4,0.457,"0,457",0.4,1.5,0.303,1.6,3.0,0.534,0.508,0.6,0.9,0.718,0.6,2.4,3.0,0.6,0.4,0.3,0.5,1.2,5.1,Bad
Isaiah Stewart,C,21.0,DET,50.0,47.0,28.3,3.9,8.8,0.442,"0,442",1.3,4.1,0.327,2.6,4.7,0.542,0.518,2.2,3.0,0.738,2.3,5.8,8.1,1.4,0.4,0.7,1.4,2.7,11.3,Bad
Max Strus,SF,26.0,MIA,60.0,27.0,29.9,4.3,10.7,0.399,"0,399",2.5,7.6,0.336,1.8,3.2,0.55,0.517,1.2,1.3,0.875,0.7,2.8,3.6,2.2,0.6,0.2,1.0,2.2,12.3,Bad
Jalen Suggs,PG,21.0,ORL,37.0,14.0,23.0,3.3,8.1,0.411,"0,411",1.1,3.7,0.304,2.2,4.4,0.503,0.482,1.6,2.2,0.707,0.9,1.9,2.8,3.3,1.2,0.5,1.9,2.4,9.4,Bad
Edmond Sumner,SG,27.0,BRK,46.0,12.0,14.5,2.5,5.3,0.459,"0,459",0.6,1.8,0.346,1.8,3.6,0.515,0.516,1.9,2.1,0.926,0.2,1.3,1.6,1.4,0.7,0.2,1.0,1.7,7.4,Bad
Cole Swider,SF,23.0,LAL,6.0,0.0,6.7,0.5,1.5,0.333,"0,333",0.5,1.3,0.375,0.0,0.2,0.0,0.5,0.0,0.0,,0.2,1.0,1.2,0.7,0.0,0.0,0.0,0.5,1.5,Bad
Jae'Sean Tate,SF,27.0,HOU,22.0,7.0,21.5,3.4,7.2,0.468,"0,468",0.4,1.4,0.29,3.0,5.8,0.512,0.497,1.3,1.9,0.667,1.5,2.2,3.7,2.6,0.6,0.2,1.6,3.3,8.4,Bad
Jayson Tatum,PF,24.0,BOS,58.0,58.0,37.3,9.8,21.3,0.46,"0,460",3.3,9.3,0.351,6.5,12.0,0.544,0.536,7.2,8.4,0.864,1.1,7.6,8.7,4.7,1.0,0.8,3.0,2.1,30.1,Good
Terry Taylor,PF,23.0,TOT,27.0,2.0,8.6,1.2,2.5,0.478,"0,478",0.1,0.7,0.222,1.0,1.8,0.571,0.507,0.2,0.3,0.714,0.8,0.6,1.4,0.4,0.1,0.2,0.3,0.9,2.7,Bad
Terry Taylor,PF,23.0,IND,26.0,2.0,8.8,1.2,2.5,0.462,"0,462",0.2,0.7,0.222,1.0,1.8,0.553,0.492,0.2,0.3,0.714,0.8,0.7,1.5,0.4,0.1,0.2,0.3,0.9,2.7,Bad
Terry Taylor,PF,23.0,CHI,1.0,0.0,4.0,2.0,2.0,0.001,"1,000",0.0,0.0,,2.0,2.0,0.001,0.001,0.0,0.0,,0.0,0.0,0.0,0.0,0.0,0.0,0.0,1.0,4.0,Bad
Garrett Temple,SG,36.0,NOP,19.0,0.0,7.0,0.8,1.9,0.405,"0,405",0.5,1.1,0.429,0.3,0.8,0.375,0.527,0.2,0.2,0.75,0.1,0.5,0.6,0.5,0.5,0.1,0.2,0.7,2.2,Bad
Dalen Terry,SG,20.0,CHI,25.0,0.0,5.1,0.7,1.6,0.45,"0,450",0.2,0.6,0.333,0.5,1.0,0.52,0.513,0.2,0.4,0.5,0.3,0.5,0.8,0.6,0.2,0.2,0.2,0.4,1.8,Bad
Daniel Theis,C,30.0,IND,7.0,1.0,15.6,3.0,6.3,0.477,"0,477",0.3,1.6,0.182,2.7,4.7,0.576,0.5,0.7,1.7,0.417,1.0,2.1,3.1,1.3,0.3,0.9,0.4,1.0,7.0,Bad
Cam Thomas,SG,21.0,BRK,43.0,3.0,17.2,3.7,8.1,0.454,"0,454",0.9,2.3,0.412,2.8,5.9,0.47,0.511,3.0,3.6,0.85,0.2,1.5,1.7,1.6,0.4,0.1,1.0,1.0,11.3,Bad
Klay Thompson,SG,32.0,GSW,49.0,49.0,32.7,7.9,18.4,0.428,"0,428",4.4,10.8,0.408,3.5,7.7,0.456,0.548,1.9,2.1,0.892,0.7,3.3,3.9,2.4,0.7,0.3,1.7,2.0,22.1,Good
JT Thor,PF,20.0,CHO,50.0,2.0,11.2,0.9,2.5,0.373,"0,373",0.3,1.2,0.258,0.6,1.3,0.484,0.437,0.4,0.6,0.621,0.5,1.2,1.7,0.4,0.3,0.2,0.4,0.8,2.6,Bad
Matisse Thybulle,SG,25.0,TOT,53.0,10.0,13.4,1.2,2.6,0.436,"0,436",0.5,1.5,0.354,0.6,1.2,0.541,0.536,0.2,0.2,0.692,0.4,1.0,1.5,0.6,1.0,0.3,0.2,1.5,3.0,Bad
Matisse Thybulle,SG,25.0,PHI,49.0,6.0,12.1,1.0,2.4,0.431,"0,431",0.4,1.3,0.333,0.6,1.1,0.547,0.522,0.2,0.2,0.75,0.4,0.9,1.3,0.5,0.9,0.3,0.2,1.3,2.7,Bad
Matisse Thybulle,SG,25.0,POR,4.0,4.0,29.8,2.8,6.0,0.458,"0,458",1.8,4.0,0.438,1.0,2.0,0.5,0.604,0.0,0.3,0.0,0.5,3.0,3.5,1.8,2.3,1.0,0.8,3.8,7.3,Bad
Xavier Tillman Sr.,PF,24.0,MEM,40.0,9.0,15.4,2.3,3.7,0.612,"0,612",0.1,0.3,0.3,2.2,3.4,0.635,0.622,0.8,1.5,0.517,1.8,2.3,4.1,1.2,0.8,0.4,0.6,1.3,5.4,Bad
Isaiah Todd,PF,21.0,WAS,4.0,0.0,3.3,0.3,1.0,0.25,"0,250",0.0,0.8,0.0,0.3,0.3,0.001,0.25,0.0,0.0,,0.0,0.0,0.0,0.0,0.0,0.0,0.0,0.0,0.5,Bad
Obi Toppin,PF,24.0,NYK,48.0,0.0,14.8,2.3,5.6,0.414,"0,414",1.1,3.3,0.346,1.2,2.3,0.514,0.517,0.5,0.7,0.758,0.5,2.6,3.1,0.8,0.3,0.2,0.5,1.0,6.3,Bad
Juan Toscano-Anderson,SF,29.0,TOT,33.0,7.0,12.6,1.1,2.2,0.486,"0,486",0.2,0.7,0.217,0.9,1.5,0.608,0.52,0.3,0.5,0.733,0.5,1.8,2.3,0.9,0.4,0.2,0.6,1.6,2.7,Bad
Juan Toscano-Anderson,SF,29.0,LAL,30.0,7.0,12.2,1.1,2.2,0.5,"0,500",0.1,0.7,0.2,1.0,1.5,0.63,0.53,0.4,0.5,0.733,0.5,1.6,2.0,0.8,0.3,0.2,0.6,1.5,2.7,Bad
Juan Toscano-Anderson,SF,29.0,UTA,3.0,0.0,16.7,1.0,2.7,0.375,"0,375",0.3,1.0,0.333,0.7,1.7,0.4,0.438,0.0,0.0,,0.7,4.3,5.0,1.3,0.7,0.3,1.0,2.0,2.3,Bad
Karl-Anthony Towns,PF,27.0,MIN,21.0,21.0,33.8,7.3,14.4,0.505,"0,505",1.8,5.6,0.325,5.5,8.9,0.618,0.568,4.4,5.0,0.885,1.7,6.5,8.2,5.3,0.8,0.7,3.1,3.9,20.8,Good
Gary Trent Jr.,SG,24.0,TOR,53.0,43.0,33.6,6.5,14.9,0.434,"0,434",2.6,7.2,0.366,3.8,7.6,0.499,0.523,2.9,3.4,0.84,0.4,2.1,2.5,1.6,1.6,0.3,0.9,1.7,18.4,Bad
P.J. Tucker,PF,37.0,PHI,58.0,58.0,26.2,1.3,2.9,0.435,"0,435",0.7,1.7,0.426,0.5,1.2,0.449,0.562,0.3,0.4,0.864,1.3,2.8,4.1,0.8,0.5,0.2,0.7,2.4,3.6,Bad
Myles Turner,C,26.0,IND,52.0,52.0,29.9,6.5,11.9,0.545,"0,545",1.7,4.2,0.402,4.8,7.7,0.623,0.616,3.5,4.4,0.787,1.6,6.4,8.0,1.3,0.6,2.3,1.7,3.3,18.1,Bad
Stanley Umude,SG,23.0,DET,1.0,0.0,2.0,0.0,1.0,0.0,"0,000",0.0,1.0,0.0,0.0,0.0,,0.0,2.0,2.0,0.001,0.0,0.0,0.0,0.0,1.0,1.0,0.0,0.0,2.0,Bad
Jonas Valančiūnas,C,30.0,NOP,61.0,61.0,24.9,5.6,10.4,0.542,"0,542",0.5,1.5,0.337,5.1,8.9,0.577,0.566,2.5,3.0,0.821,2.8,6.9,9.7,1.7,0.3,0.5,1.9,3.1,14.2,Bad
Jarred Vanderbilt,PF,23.0,TOT,57.0,44.0,24.0,3.4,5.9,0.567,"0,567",0.4,1.0,0.339,3.0,4.9,0.615,0.596,1.3,1.9,0.676,2.4,5.6,7.9,2.7,1.1,0.3,1.3,2.5,8.3,Bad
Jarred Vanderbilt,PF,23.0,UTA,52.0,41.0,24.1,3.3,6.0,0.556,"0,556",0.4,1.1,0.333,3.0,4.9,0.606,0.587,1.3,2.0,0.657,2.3,5.5,7.9,2.7,1.0,0.3,1.3,2.6,8.3,Bad
Jarred Vanderbilt,PF,23.0,LAL,5.0,3.0,22.4,3.6,5.2,0.692,"0,692",0.2,0.4,0.5,3.4,4.8,0.708,0.712,1.2,1.2,0.001,3.0,5.8,8.8,2.4,1.6,0.2,1.0,1.8,8.6,Bad
Fred VanVleet,PG,28.0,TOR,50.0,50.0,36.9,6.4,16.3,0.394,"0,394",3.0,8.7,0.344,3.4,7.6,0.451,0.486,3.8,4.3,0.893,0.5,3.8,4.3,6.6,1.6,0.6,1.9,2.9,19.7,Bad
Devin Vassell,SG,22.0,SAS,29.0,24.0,31.3,7.1,16.0,0.445,"0,445",2.8,7.0,0.404,4.3,9.0,0.477,0.533,2.4,3.0,0.793,0.2,3.8,4.0,3.6,1.2,0.4,1.6,1.4,19.4,Bad
Gabe Vincent,PG,26.0,MIA,48.0,14.0,26.3,3.4,8.6,0.396,"0,396",1.8,5.4,0.327,1.6,3.2,0.513,0.499,1.2,1.4,0.877,0.4,1.9,2.3,2.5,0.9,0.1,1.5,2.5,9.8,Bad
Noah Vonleh,C,27.0,BOS,23.0,1.0,7.4,0.5,1.0,0.458,"0,458",0.0,0.2,0.25,0.4,0.9,0.5,0.479,0.1,0.1,0.001,0.8,1.3,2.1,0.3,0.1,0.3,0.5,1.5,1.1,Bad
Nikola Vučević,C,32.0,CHI,61.0,61.0,33.9,7.3,14.1,0.514,"0,514",1.6,4.6,0.349,5.7,9.5,0.595,0.571,1.6,1.9,0.822,2.1,9.4,11.5,3.3,0.7,0.8,1.7,2.2,17.8,Bad
Dean Wade,PF,26.0,CLE,34.0,9.0,20.9,1.8,4.2,0.434,"0,434",1.1,2.9,0.38,0.7,1.3,0.558,0.566,0.4,0.7,0.652,0.5,3.2,3.7,0.9,0.7,0.5,0.4,2.2,5.2,Bad
Franz Wagner,SF,21.0,ORL,61.0,61.0,33.2,6.9,14.1,0.485,"0,485",1.7,4.6,0.369,5.2,9.5,0.541,0.545,3.4,4.1,0.833,0.9,3.1,4.0,3.5,0.9,0.2,2.1,2.3,18.8,Bad
Moritz Wagner,C,25.0,ORL,41.0,14.0,21.0,3.6,7.4,0.492,"0,492",1.0,3.1,0.318,2.6,4.2,0.621,0.559,2.9,3.4,0.855,1.3,3.3,4.6,1.7,0.7,0.2,1.2,2.7,11.1,Bad
Ish Wainright,SF,28.0,PHO,44.0,1.0,15.5,1.5,3.8,0.389,"0,389",1.0,2.8,0.344,0.5,1.0,0.524,0.518,0.5,0.6,0.84,0.8,1.3,2.2,1.0,0.8,0.3,0.4,2.0,4.4,Bad
Jabari Walker,SF,20.0,POR,40.0,0.0,9.1,1.1,2.4,0.443,"0,443",0.1,0.7,0.192,1.0,1.8,0.535,0.469,0.5,0.7,0.724,0.8,1.2,2.1,0.5,0.1,0.2,0.4,1.0,2.8,Bad
Kemba Walker,PG,32.0,DAL,9.0,1.0,16.0,2.7,6.3,0.421,"0,421",0.8,3.1,0.25,1.9,3.2,0.586,0.482,1.9,2.3,0.81,0.3,1.4,1.8,2.1,0.2,0.2,0.4,1.2,8.0,Bad
Lonnie Walker IV,SG,24.0,LAL,44.0,32.0,25.9,4.7,10.3,0.454,"0,454",1.7,4.7,0.369,2.9,5.6,0.524,0.538,1.8,2.0,0.885,0.3,1.8,2.0,1.3,0.6,0.3,0.9,1.4,12.8,Bad
John Wall,PG,32.0,LAC,34.0,3.0,22.2,4.1,9.9,0.408,"0,408",1.0,3.2,0.303,3.1,6.7,0.459,0.457,2.3,3.3,0.681,0.4,2.3,2.7,5.2,0.8,0.4,2.4,1.7,11.4,Bad
T.J. Warren,PF-SF,29.0,TOT,28.0,0.0,18.0,3.8,7.3,0.512,"0,512",0.6,1.8,0.347,3.1,5.6,0.564,0.554,1.0,1.2,0.818,0.5,2.3,2.8,1.0,0.6,0.3,0.6,1.6,9.1,Bad
T.J. Warren,PF,29.0,BRK,26.0,0.0,18.8,3.9,7.7,0.51,"0,510",0.6,1.8,0.333,3.3,5.8,0.566,0.55,1.0,1.3,0.818,0.5,2.3,2.8,1.1,0.6,0.3,0.7,1.7,9.5,Bad
T.J. Warren,SF,29.0,PHO,2.0,0.0,7.5,1.5,2.5,0.6,"0,600",0.5,0.5,0.001,1.0,2.0,0.5,0.7,0.0,0.0,,0.5,2.0,2.5,0.0,0.5,0.0,0.0,0.5,3.5,Bad
Duane Washington Jr.,SG,22.0,PHO,31.0,3.0,12.7,3.0,8.3,0.367,"0,367",1.3,3.6,0.36,1.7,4.7,0.372,0.445,0.5,0.8,0.667,0.1,1.1,1.2,2.0,0.2,0.1,1.1,0.7,7.9,Bad
P.J. Washington,PF,24.0,CHO,60.0,60.0,32.9,5.8,13.0,0.444,"0,444",2.0,5.8,0.35,3.8,7.2,0.518,0.521,1.7,2.3,0.748,1.0,3.7,4.8,2.4,0.9,1.1,1.4,2.7,15.3,Bad
TyTy Washington Jr.,PG,21.0,HOU,25.0,2.0,14.3,1.9,5.3,0.361,"0,361",0.6,2.5,0.222,1.4,2.8,0.486,0.414,0.4,0.6,0.625,0.1,1.4,1.5,1.6,0.5,0.0,0.4,1.1,4.8,Bad
Yuta Watanabe,SF,28.0,BRK,44.0,0.0,17.8,2.3,4.4,0.521,"0,521",1.2,2.5,0.482,1.1,1.9,0.571,0.657,0.7,0.9,0.744,0.6,1.9,2.5,0.9,0.4,0.3,0.4,1.5,6.5,Bad
Lindy Waters III,SG,25.0,OKC,25.0,0.0,11.2,1.4,3.6,0.396,"0,396",1.2,3.4,0.369,0.2,0.3,0.714,0.566,0.2,0.3,0.75,0.3,1.4,1.7,0.7,0.4,0.2,0.2,0.9,4.4,Bad
Trendon Watford,PF,22.0,POR,44.0,2.0,16.4,2.1,3.7,0.578,"0,578",0.4,0.8,0.485,1.8,2.9,0.602,0.627,1.1,1.6,0.714,0.6,2.7,3.3,1.7,0.3,0.1,1.0,1.9,5.7,Bad
Peyton Watson,SG,20.0,DEN,13.0,0.0,3.2,0.8,1.4,0.556,"0,556",0.2,0.2,0.667,0.6,1.2,0.533,0.611,0.0,0.2,0.0,0.2,0.4,0.6,0.1,0.0,0.1,0.2,0.2,1.7,Bad
Blake Wesley,SG,19.0,SAS,17.0,1.0,13.9,1.7,4.6,0.372,"0,372",0.5,1.2,0.429,1.2,3.4,0.351,0.429,0.5,0.9,0.6,0.2,1.4,1.5,1.5,0.4,0.1,1.4,1.9,4.5,Bad
Russell Westbrook,PG,34.0,TOT,54.0,5.0,28.8,5.9,13.9,0.422,"0,422",1.2,4.1,0.297,4.7,9.9,0.473,0.465,3.0,4.5,0.664,1.1,5.0,6.1,7.6,1.1,0.4,3.6,2.4,15.9,Bad
Russell Westbrook,PG,34.0,LAL,52.0,3.0,28.7,5.8,14.0,0.417,"0,417",1.2,4.1,0.296,4.6,9.9,0.467,0.46,3.0,4.6,0.655,1.1,5.0,6.2,7.5,1.0,0.4,3.5,2.3,15.9,Bad
Russell Westbrook,PG,34.0,LAC,2.0,2.0,32.5,6.5,11.5,0.565,"0,565",1.0,3.0,0.333,5.5,8.5,0.647,0.609,3.0,3.0,0.001,0.5,4.5,5.0,9.0,3.0,0.0,4.5,4.5,17.0,Bad
Coby White,SG,22.0,CHI,53.0,1.0,22.4,3.2,7.5,0.423,"0,423",1.6,4.6,0.355,1.5,2.9,0.529,0.531,0.9,1.0,0.836,0.2,2.5,2.7,2.0,0.7,0.1,0.8,1.7,8.9,Bad
Derrick White,SG,28.0,BOS,62.0,52.0,27.7,4.1,9.0,0.455,"0,455",1.8,4.7,0.384,2.3,4.4,0.531,0.554,2.0,2.3,0.864,0.6,2.8,3.3,3.8,0.7,0.9,1.1,2.2,12.0,Bad
Jack White,SF,25.0,DEN,15.0,0.0,3.1,0.5,1.1,0.438,"0,438",0.2,0.5,0.375,0.3,0.5,0.5,0.531,0.1,0.2,0.667,0.2,0.3,0.5,0.1,0.1,0.1,0.1,0.5,1.3,Bad
Joe Wieskamp,SF,23.0,TOR,3.0,0.0,8.0,1.0,2.7,0.375,"0,375",1.0,2.3,0.429,0.0,0.3,0.0,0.563,0.0,0.0,,0.0,0.7,0.7,0.3,0.0,0.0,0.3,0.3,3.0,Bad
Aaron Wiggins,SG,24.0,OKC,48.0,12.0,18.5,2.4,4.8,0.504,"0,504",0.7,1.7,0.398,1.8,3.1,0.564,0.575,0.8,1.0,0.83,1.0,2.1,3.1,1.4,0.5,0.2,0.8,1.6,6.4,Bad
Andrew Wiggins,SF,27.0,GSW,37.0,37.0,32.2,6.8,14.3,0.473,"0,473",2.4,6.1,0.396,4.4,8.2,0.53,0.557,1.2,1.9,0.611,1.6,3.4,5.0,2.3,1.2,0.8,1.3,2.9,17.1,Bad
Grant Williams,PF,24.0,BOS,61.0,21.0,27.3,2.8,6.2,0.457,"0,457",1.5,3.7,0.404,1.3,2.5,0.536,0.577,1.3,1.6,0.827,1.1,3.7,4.8,1.8,0.6,0.4,1.1,2.6,8.4,Bad
Jalen Williams,SG,21.0,OKC,56.0,43.0,29.2,5.0,9.8,0.509,"0,509",0.9,2.7,0.325,4.1,7.1,0.58,0.554,1.6,2.0,0.763,1.0,3.2,4.2,2.9,1.3,0.5,1.6,2.6,12.4,Bad
Jaylin Williams,PF,20.0,OKC,28.0,15.0,16.4,2.1,4.4,0.472,"0,472",0.9,1.8,0.48,1.2,2.6,0.466,0.569,0.6,1.0,0.667,0.8,3.8,4.6,1.5,0.4,0.2,0.7,1.9,5.6,Bad
Kenrich Williams,PF,28.0,OKC,52.0,10.0,22.6,3.3,6.5,0.516,"0,516",1.0,2.5,0.379,2.4,3.9,0.605,0.591,0.3,0.7,0.432,1.8,3.1,4.9,2.0,0.8,0.3,0.6,2.1,8.0,Bad
Mark Williams,C,21.0,CHO,32.0,7.0,16.8,3.3,5.2,0.648,"0,648",0.0,0.0,0.0,3.3,5.2,0.648,0.648,1.5,2.0,0.723,1.9,4.3,6.2,0.4,0.7,1.2,0.8,2.2,8.2,Bad
Patrick Williams,PF,21.0,CHI,61.0,58.0,28.9,3.8,8.3,0.46,"0,460",1.4,3.4,0.405,2.4,4.9,0.5,0.544,1.1,1.3,0.863,1.0,3.4,4.4,1.4,0.8,0.8,1.3,1.9,10.2,Bad
Robert Williams,C,25.0,BOS,26.0,16.0,24.2,3.9,5.2,0.75,"0,750",0.0,0.0,0.0,3.9,5.2,0.756,0.75,0.6,1.0,0.6,3.1,5.5,8.6,1.5,0.5,1.1,0.9,1.8,8.4,Bad
Vince Williams Jr.,SG,22.0,MEM,9.0,0.0,5.4,0.3,1.4,0.231,"0,231",0.1,1.0,0.111,0.2,0.4,0.5,0.269,0.0,0.0,,0.2,0.6,0.8,0.3,0.4,0.1,0.1,0.7,0.8,Bad
Ziaire Williams,SF,21.0,MEM,29.0,3.0,16.9,2.3,5.5,0.419,"0,419",0.7,2.8,0.244,1.6,2.7,0.603,0.481,0.4,0.6,0.765,0.4,2.0,2.4,0.8,0.4,0.2,1.0,1.8,5.8,Bad
Zion Williamson,PF,22.0,NOP,29.0,29.0,33.0,9.8,16.2,0.608,"0,608",0.2,0.7,0.368,9.6,15.5,0.618,0.615,6.1,8.6,0.714,2.0,5.0,7.0,4.6,1.1,0.6,3.4,2.2,26.0,Good
Justise Winslow,SF,26.0,POR,29.0,11.0,26.8,2.8,6.8,0.409,"0,409",0.5,1.6,0.311,2.3,5.3,0.438,0.444,0.7,1.0,0.714,1.7,3.3,5.0,3.4,1.0,0.4,1.5,3.1,6.8,Bad
James Wiseman,C,21.0,TOT,25.0,2.0,14.2,3.3,5.3,0.617,"0,617",0.1,0.2,0.333,3.2,5.1,0.63,0.624,1.2,1.8,0.674,1.0,3.2,4.2,0.6,0.1,0.3,0.8,2.0,7.9,Bad
James Wiseman,C,21.0,GSW,21.0,0.0,12.5,2.8,4.5,0.628,"0,628",0.0,0.1,0.5,2.8,4.4,0.63,0.633,1.2,1.8,0.684,0.9,2.6,3.5,0.7,0.1,0.3,0.7,1.9,6.9,Bad
James Wiseman,C,21.0,DET,4.0,2.0,23.5,5.8,9.8,0.59,"0,590",0.3,1.0,0.25,5.5,8.8,0.629,0.603,1.3,2.0,0.625,2.0,6.0,8.0,0.0,0.0,0.3,1.3,2.5,13.0,Bad
Christian Wood,C,27.0,DAL,50.0,17.0,27.4,6.4,12.2,0.525,"0,525",1.7,4.6,0.376,4.7,7.6,0.615,0.595,3.2,4.1,0.763,1.4,6.6,8.0,1.7,0.4,1.2,1.9,2.7,17.6,Bad
Delon Wright,PG,30.0,WAS,31.0,3.0,22.6,2.5,5.3,0.467,"0,467",0.9,2.4,0.36,1.6,2.9,0.556,0.548,0.9,1.0,0.903,1.1,2.1,3.2,3.5,1.9,0.3,1.0,1.3,6.7,Bad
McKinley Wright IV,PG,24.0,DAL,20.0,1.0,10.3,1.2,2.5,0.469,"0,469",0.2,0.7,0.286,1.0,1.8,0.543,0.51,0.4,0.6,0.636,0.3,1.0,1.3,1.9,0.4,0.2,0.6,0.9,2.9,Bad
Thaddeus Young,PF,34.0,TOR,49.0,9.0,15.5,2.1,3.8,0.562,"0,562",0.1,0.6,0.161,2.0,3.1,0.643,0.576,0.4,0.5,0.692,1.4,1.8,3.2,1.4,1.1,0.1,0.8,1.8,4.7,Bad
Trae Young,PG,24.0,ATL,54.0,54.0,35.3,8.5,19.8,0.429,"0,429",2.2,6.6,0.327,6.3,13.1,0.481,0.484,7.9,8.9,0.889,0.7,2.2,2.9,10.2,1.1,0.1,4.1,1.5,27.0,Good
Cody Zeller,C,30.0,MIA,3.0,0.0,15.7,2.7,4.0,0.667,"0,667",0.0,0.0,0.0,2.7,4.0,0.667,0.667,1.0,2.0,0.5,1.7,1.0,2.7,1.0,0.3,1.0,0.7,3.0,6.3,Bad
Ivica Zubac,C,25.0,LAC,59.0,59.0,29.4,4.0,6.5,0.617,"0,617",0.0,0.0,0.0,4.0,6.5,0.62,0.617,2.2,3.1,0.699,3.3,6.8,10.1,1.1,0.4,1.3,1.7,2.9,10.2,Bad
